Player,Mouse,HZ,DPI,Sens,eDPI,Zoom Sens
flameZ,ZOWIE EC2-DW Glossy,1000,400,3,1200.00,1.1
apEX,VAXEE E1 Wireless Fluorescent Green,1000,400,1.91,764.00,1
mezii,VAXEE XE V2 Fluorescent Green,2000,400,2.2,880.00,1
ZywOo,Pulsar ZywOo The Chosen Mouse Black,1000,400,1.8,720.00,0.8
ropz,Razer DeathAdder V3 HyperSpeed,8000,400,1.77,708,1
zont1x,Logitech G Pro X Superlight Magenta,1000,800,1.05,840,1
magixx,Logitech G Pro X Superlight 2 Black,2000,400,1.5,600.00,1
tN1R,Logitech G Pro X Superlight 2 Magenta,1000,400,0.9,360.00,1
donk,Logitech G Pro X Superlight Magenta,1000,800,1.25,1000,1
chopper,VAXEE ZYGEN NP-01S V2 Wireless Pink,1000,400,1.4,560.00,0.8
zweih,Lamzu Maya X Gray,2000,800,1.28,1024.00,1
sh1ro,ZOWIE U3-DW Black (Unreleased),2000,800,1.04,832.00,1
torzsi,Razer DeathAdder V3 HyperSpeed,1000,800,1.00,800,1
Brollan,ZOWIE EC2-DW Black,2000,800,1.3,1040,1
Spinx,ZOWIE EC2-DW Grey (Unreleased),1000,800,1.23,984.00,1
xertioN,ZOWIE EC1-C,1000,400,2.20,880,1
Jimpphat,Finalmouse Ultralight X Sakura,1000,400,2,800.00,1
degster,Logitech G Pro X Superlight 2 White,4000,400,2.75,1100.00,1
kyousuke,Logitech G Pro X Superlight 2 Magenta,1000,800,1.28,1024.00,1
kyxsan,Logitech G Pro X2 SUPERSTRIKE (Unreleased),8000,800,1.5,1200.00,1
TeSeS,Logitech G Pro X2 SUPERSTRIKE (Unreleased),1000,1600,0.5,800.00,1
m0NESY,Logitech G Pro X Superlight 2 Black,2000,400,2.3,920.00,1
NiKo,Razer DeathAdder V4 Pro White,1000,800,0.7,560.00,1
Senzu,Razer DeathAdder V3 HyperSpeed,2000,400,3,1200,1.1
Techno4K,Logitech G Pro X Superlight 2 Magenta,1000,400,2.2,880.00,0.95
bLitz,Logitech G Pro X Superlight White,1000,400,1.45,580.00,1
910,Logitech G Pro X Superlight 2 White,1000,800,1,800.00,1
mzinho,Logitech G Pro X Superlight 2 Black,2000,400,2,800.00,1
controlez,VAXEE XE V2 Black,1000,400,1.5,600.00,1
Wicadia,Logitech G Pro X Superlight 2 Black,4000,800,1.8,1440.00,1
jottAAA,ZOWIE EC2-DW Black,1000,400,3.4,1360.00,1
woxic,Razer Viper V3 Pro Dragon Lore Edition,8000,1600,1,1600.00,1
XANTARES,ZOWIE FK1-C,1000,400,2.3,920,1.1
MAJ3R,Logitech G Pro X Superlight White,500,800,1.66,1328.00,1
Aleksib,Logitech G Pro X Superlight Red,1000,800,1.05,840.00,1
b1t,Logitech G Pro X Superlight 2 Black,2000,400,1.65,660.00,1
makazze,Logitech G Pro X Superlight White,1000,800,1.28,1024.00,1
w0nderful,Logitech G Pro X Superlight 2 SE Red,2000,400,2.6,1040.00,1
iM,Logitech G Pro X Superlight 2 White,2000,400,2.3,920,0.98
matys,Razer Viper V3 Pro Faker Edition,1000,800,0.82,656.00,1
malbsMd,Logitech G Pro X Superlight 2 Black,2000,400,2.00,800,1
SunPayus,Logitech G Pro X2 SUPERSTRIKE (Unreleased),2000,400,2.2,880.00,0.9
huNter,Logitech G Pro X2 SUPERSTRIKE (Unreleased),4000,800,1.25,1000.00,1
HeavyGod,Logitech G Pro X Superlight 2 Black,1000,400,3.1,1240,1
sl3nd,VAXEE XE Wireless Blue,1000,800,0.9,720.00,1
Kursy,Logitech G Pro X Superlight 2 Magenta,1000,400,2,800,1.1
Tauson,VAXEE OUTSET AX Wireless Yellow,4000,400,1.75,700.00,1
PR,Logitech G Pro X Superlight 2 Black,1000,400,1.45,580.00,0.9
hypex,DAREU AE6 Pro Black,1000,400,2,800.00,1
ztr,ZOWIE EC2-DW Black,1000,400,1.55,620.00,1.1
REZ,Logitech G Pro X Superlight 2 White,2000,800,0.95,760,0.8
ultimate,Logitech G Pro X Superlight 2 Black,4000,400,1.81,724.00,1
siuhy,ZOWIE EC2-DW Glossy,4000,400,2,800.00,1
NAF,Logitech G Pro X Superlight 2 White,4000,800,0.8,640.00,0.8
Nertz,ZOWIE EC2-DW Grey (Unreleased),1000,400,2,800.00,1
EliGE,Logitech G Pro X Superlight 2 Black,2000,1600,0.74,1184,0.8
olofmeister,Logitech G Pro X Superlight 2 Black,2000,800,1.25,1000.00,1.2
Twistzz,Endgame Gear XM2w 4k v2 White,4000,400,1.7,680.00,1
Frozen,Razer DeathAdder V4 Pro Black,4000,400,2,800,0.8
jcobbb,Finalmouse Ultralight X Tiger,1000,800,1.12,896.00,1
karrigan,Razer DeathAdder V3 HyperSpeed,1000,400,1.8,720.00,1
broky,WLMouse Beast X Max Purple,8000,400,2.57,1028.00,1
LNZ,ZOWIE EC2-CW,1000,400,1.79,716.00,1
yxngstxr,ZOWIE FK2-DW Black,8000,800,1.11,888.00,1.04
nilo,Logitech G Pro X Superlight 2 Magenta,1000,800,0.9,720,1
xfl0ud,Pulsar Xlite V3 Es Black,1000,800,0.97,776.00,1
alkarenn,Logitech G Pro X Superlight 2 Magenta,1000,600,1.2,720.00,1
Chr1zN,Logitech G Pro X Superlight Black,1000,800,0.83,664.00,1.1
Perfecto,Waizowl OGM Cloud 8K,1000,800,1.3,1040.00,1
ICY,Logitech G Pro X Superlight 2 Black,1000,400,2,800.00,1
tO0RO,Razer DeathAdder V3 HyperSpeed,1000,500,2.3,1150.00,1
b1st,Logitech G Pro X Superlight 2 White,1000,800,1.47,1176.00,1
fame,Logitech G Pro X Superlight 2 Magenta,2000,800,1.10,880,1
FL1T,Logitech G Pro X Superlight 2 Magenta,8000,1600,0.425,680.00,1
Magisk,Logitech G Pro X Superlight 2 Magenta,1000,800,1,800.00,1.18
HooXi,Razer Viper V3 Pro White,2000,800,0.9,720.00,1
Staehr,Logitech G Pro X Superlight 2 Black,1000,800,1,800.00,1
stavn,ZOWIE EC2-CW,1000,400,2.60,1040,1
jabbi,ZOWIE EC2-DW Glossy,1000,800,0.90,720,1
device,ZOWIE EC2-DW Glossy,1000,800,1,800.00,1
FalleN,ZOWIE EC1-DW Black,1000,400,2.1,840.00,1
yuurih,Razer Viper V3 Pro White,1000,800,1.25,1000.00,1
YEKINDAR,ZOWIE EC2-DW Grey (Unreleased),1000,800,1.2,960.00,1
kscerato,Logitech G Pro X2 SUPERSTRIKE (Unreleased),2000,800,1.25,1000.00,1
molodoy,ZOWIE U2-DW Black,4000,400,3,1200.00,1
Lucky,Logitech G Pro X Superlight Black,1000,800,1,800.00,1.1
bodyy,Logitech G Pro X Superlight 2 Magenta,2000,400,3,1200,0.88
Ex3rcice,Logitech G Pro X Superlight 2 Black,2000,400,2.00,800,1
Maka,HITSCAN Hyperlight White,8000,800,1.323,1058.40,1
Graviti,Razer DeathAdder V4 Pro Green,1000,800,1.36,1088.00,0.82
saffee,Razer Viper V3 Pro White,4000,800,1,800.00,1
exit,VAXEE ZYGEN NP-01S Wireless Blue,1000,800,1.1,880.00,0.85
Qikert,Logitech G Pro X Superlight 2 Black,1000,400,2.1,840.00,1
brnz4n,Logitech G Pro X Superlight 2 White,2000,400,1.69,676.00,1
kl1m,Logitech G Pro X Superlight 2 Magenta,4000,400,3.09,1236.00,1
insani,ZOWIE U2-DW Grey (Unreleased),4000,800,1.1,880,1
esenthial,Logitech G Pro X Superlight 2 White,1000,800,1,800.00,1
alex666,Logitech G Pro X Superlight Black,1000,400,2,800.00,1
headtr1ck,Logitech G Pro X Superlight White,1000,400,2.3,920,1
npl,Logitech G Pro X Superlight 2 Black,1000,800,1.3,1040.00,0.9
kensizor,Logitech G Pro X Superlight 2 Magenta,1000,800,0.65,520.00,1
ewjerkz,ZOWIE U2,1000,400,1.65,660.00,1
Snappi,ZOWIE EC2-DW Glossy,4000,400,1.95,780,1
sjuush,ZOWIE EC2-DW Black,1000,800,1.11,888.00,1
r1nkle,Logitech G Pro X Superlight 2 Black,1000,800,1.33,1064.00,1
xKacpersky,Logitech G Pro X Superlight 2 Black,1000,400,1.83,732,1
n1ssim,Razer Viper V3 Pro Black,4000,400,1.77,708,1
dumau,Razer DeathAdder V4 Pro Black,1000,800,1,800.00,1
saadzin,Logitech G Pro X Superlight 2 Black,1000,1600,0.9,1440.00,1
lux,Razer DeathAdder V4 Pro Black,4000,400,1.92,768.00,1.03
latto,Razer DeathAdder V3 HyperSpeed,2000,400,2,800,1
snow,Logitech G Pro X Superlight Magenta,1000,800,0.8,640.00,1
dgt,Pulsar Xlite V4 Es,2000,800,0.557,445.60,1
dav1deuS,ZOWIE EC2-DW Black,1000,400,3.06,1224,1
nqz,ZOWIE U2-DW Grey (Unreleased),2000,800,1.20,960,1
biguzera,ZOWIE EC1-DW Grey (Unreleased),1000,400,1.75,700.00,1
Jee,Logitech G Pro X Superlight 2 Black,2000,400,2,800,1
Attacker,ZOWIE S2-DW Black,1000,400,1.7,680.00,1
Mercury,ZOWIE S2-DW Grey (Unreleased),1000,400,2.12,848,1
Moseyuh,ZOWIE S2-DW Glossy,1000,800,1.27,1016.00,1
DANK1NG,Razer Viper V3 Pro Green,4000,800,1,800.00,1
JamYoung,VAXEE XE V2 Lake Green,1000,400,2.2,880,1
Westmelon,ZOWIE FK2-DW Black,1000,800,1.25,1000.00,0.8
EmiliaQAQ,Logitech G Pro X Superlight 2 Magenta,1000,800,0.8,640.00,1
C4LLM3SU3,Logitech G Pro X Superlight 2c Pink,1000,800,0.8,640.00,1
z4kr,Logitech G Pro X Superlight 2 White,4000,400,2.3,920.00,1
Starry,Logitech G Pro X Superlight 2 Magenta,2000,400,1.45,580.00,1
JDC,ZOWIE FK2-DW Black,4000,800,1.25,1000.00,1
prosus,Logitech G Pro X Superlight 2 Black,1000,400,2.15,860.00,1
Krimbo,Razer DeathAdder V4 Pro Black,1000,400,2.1,840.00,1
gr1ks,Logitech G Pro X Superlight 2 Black,8000,1000,0.8,800.00,0.9
FreeZe,Razer Viper V3 Pro Black,1000,400,1.45,580,1
tabseN,WLMouse BEAST X Mini Magnesium,1000,800,0.9,720.00,1.1
hyped,Logitech G Pro X Superlight 2 Black,2000,800,1,800.00,1
Peeping,Razer Viper V3 Pro White,2000,1600,0.825,1320.00,1
fr3nd,Logitech G Pro X Superlight 2 Black,1000,400,2.5,1000.00,1
susp,Logitech G Pro X Superlight 2 Black,1000,800,0.55,440.00,1
stanislaw,Logitech G Pro X Superlight 2 Black,4000,400,2.50,1000,0.8
F1KU,ZOWIE EC1-CW,1000,400,1.7,680,1
JBa,Logitech G Pro X Superlight 2 White,1000,400,1.7,680.00,1
Vexite,ZOWIE EC2-DW Glossy,1000,800,1.24,992.00,0.7
INS,Logitech G Pro X2 SUPERSTRIKE (Unreleased),1000,800,1.1,880.00,1
nettik,ZOWIE EC2-DW Black,1000,400,2,800.00,0.8
jks,Razer DeathAdder V4 Pro White,4000,400,1.85,740.00,1
regali,Logitech G Pro X Superlight 2 SE Red,4000,400,3.09,1236.00,1
zorte,Pulsar Xlite V3 Size 2 White,4000,800,1.25,1000.00,1
Ax1Le,Logitech G Pro X Superlight 2 Black,1000,800,1.50,1200,1
s1ren,Logitech G Pro X Superlight 2 White,2000,800,1.2,960.00,1.16
Artfr0st,Logitech G Pro X Superlight 2 Magenta,2000,800,1.49,1192,1
Magnojez,Logitech G Pro X Superlight 2 Black,2000,800,1.1,880.00,1
d1Ledez,VAXEE XE Wireless Yellow,1000,400,1.7,680,1
Boombl4,Razer DeathAdder V4 Pro Black,1000,400,1.45,580,1
1eer,Logitech G Pro X Superlight Black,1000,400,2.1,840.00,1
riskyb0b,Razer DeathAdder V4 Pro Black,1000,800,1.05,840.00,1
khaN,Razer Viper V3 Pro Faker Edition,1000,400,1.9,760.00,1
sowalio,Logitech G Pro X Superlight 2 Black,4000,400,1.5,600.00,1
Xant3r,Logitech G Pro X Superlight 2 Black,1000,800,2,1600.00,1
Nexius,Logitech G Pro X Superlight Red,4000,400,2.4,960,0.9
spooke,Razer Viper V3 Pro Black,1000,800,0.9,720,1
Buzz,Logitech G Pro X Superlight White,1000,800,1.25,1000.00,1
adamb,VAXEE XE Wireless Blue,1000,800,0.7,560.00,1.28
cadiaN,Logitech G Pro X Superlight 2 Magenta,4000,400,2.3,920.00,1
nicoodoz,Lamzu Maya White,1000,800,1.25,1000,1
FL4MUS,Logitech G Pro X Superlight 2 White,1000,800,1.35,1080.00,1
arrozdoce,Logitech G Pro X Superlight 2 Black,2000,800,1,800.00,1
s1n,ZOWIE U2,1000,800,0.9,720.00,1
Lake,Logitech G Pro X Superlight Black,1000,800,1.25,1000.00,1
slaxz-,Finalmouse Ultralight X Prophecy Clix Small,2000,800,0.95,760.00,1
dephh,Logitech G Pro X Superlight Black,1000,450,2.00,900,1
Swisher,VAXEE XE V2 Lake Green,1000,400,2.2,880.00,1.1
HexT,Logitech G Pro X Superlight 2c Black,1000,800,1,800.00,1.1
autimatic,Razer Deathadder V3 Pro Black,2000,800,1.125,900,0.9
oSee,Razer Viper V3 Pro Faker Edition,2000,1600,0.575,920.00,1
br0,Razer Viper V3 Pro Faker Edition,1000,800,1.3,1040.00,0.7
nitr0,Razer Viper V3 Pro Dragon Lore Edition,500,800,1.05,840.00,1.04
XotiC,Logitech G Pro X Superlight 2 White,1000,400,2,800.00,1
Jeorge,Razer Viper V3 Pro Faker Edition,1000,800,1.25,1000.00,1
nosraC,Razer Viper V3 Pro White,1000,400,1.6,540,1
Sonic,Lamzu Maya X Purple Shadow,1000,400,2.50,1000,1
Neityu,Razer Deathadder V3 Pro Black,4000,800,1.15,920.00,1
podi,Logitech G Pro X Superlight 2 Black,1000,800,1.225,980.00,1
myltsi,Logitech G Pro X Superlight 2 Black,1000,800,1.1,880,1
sdy,Razer Viper V3 Pro White,4000,800,1,800,1
rigoN,Razer DeathAdder V4 Pro Black,8000,400,2,800.00,1.8
WOOD7,ZOWIE EC2-CW,4000,800,1.25,1000,1
ksloks,Razer DeathAdder V4 Pro Black,1000,800,1.1,880.00,1
pancc,Razer DeathAdder V4 Pro Black,1000,800,1,800.00,1
naitte,Razer Viper V3 Pro Green,4000,800,1.7,1360,1
coldzera,ZOWIE ZA13-DW Black,2000,800,1.10,880,1
togs,Razer DeathAdder V4 Pro White,1000,400,1.26,504.00,1
ponter,Logitech G Pro X Superlight 2 Magenta,1000,400,1.35,540,1
matios,Razer Viper V3 Pro Black,4000,400,1.51,604.00,1
n0rb3r7,Lamzu Maya X Gray,2000,800,1.2,960.00,1
mizu,Logitech G Pro X Superlight 2 Black,1000,400,2,800.00,1.1
wastzera,Fallen Gear Pantera Pro Wireless Preto,1000,800,1.1,880.00,1
Shr,Logitech G Pro X Superlight 2 Black,1000,400,2,800,1
try,ZOWIE EC2-DW Glossy,2000,400,2.909,1163.6,1.2
VINI,Endgame Gear OP1 8k Black,1000,800,0.955,764.00,1.2
chelo,Pulsar Xlite V3 Es Black,1000,400,4,1600.00,1
skullz,VAXEE XE V2 Black,4000,400,2,800.00,1
noway,Razer DeathAdder V4 Pro White,1000,400,2,800.00,1
ROUX,Logitech G Pro Gaming Mouse,1000,400,2.2,880.00,1
cool4st,ZOWIE EC2 Black,1000,400,2,800.00,1
Efire,,,,,,
ariucle,,,,,,
story,Logitech G Pro X Superlight 2 White,2000,400,2.75,1100,1
Ag1l,Razer Viper V3 Pro White,1000,400,1.4,560,1
rmn,Logitech G Pro X Superlight 2 White,2000,400,1.28,512,1
MUTiRiS,VAXEE E1 Wireless White,4000,400,2.91,1164.00,1
krazy,Logitech G Pro X Superlight 2 Black,1000,400,2.05,820.00,1
aragornN,Logitech G Pro X Superlight 2 Dex Magenta,8000,400,1.35,540.00,1
arT,Razer Deathadder V3 Pro Black,4000,800,2.55,2040.00,1.2
mlhzin,Logitech G Pro X Superlight 2 Black,2000,800,2.5,2000.00,1
zevy,Logitech G Pro X Superlight Magenta,1000,800,1.6,1280,1
decenty,Razer DeathAdder V4 Pro Black,1000,400,1.6,640.00,1
Lucaozy,Logitech G Pro X Superlight 2 Magenta,1000,400,2,800,0.75
kye,Razer DeathAdder V4 Pro Black,1000,800,0.885,708,1
sirah,VAXEE ZYGEN NP-01S,1000,800,1.1,880.00,1
Anlelele,Razer Viper V3 Pro Black,1000,800,1.35,1080,1
Kristou,ZOWIE EC2-B,1000,400,2.00,800,1
nut nut,Logitech G Pro X Superlight Black,1000,800,0.7,560.00,1.3
acoR,Razer Viper V3 Pro White,2000,400,2.02,808.00,0.9
TMB,ZOWIE EC3-C,1000,800,0.9,720,1
Kjaerbye,SteelSeries Aerox 3 Wireless Black,1000,400,1.60,640,0.8
dennyslaw,Logitech G Pro X Superlight White,1000,400,1.4,560,1
BOROS,ZOWIE S2-C,1000,400,1.7,680,1
Bibu,ZOWIE EC2-CW,1000,400,2.45,980.00,1
DemQQ,Logitech G Pro X Superlight White,1000,800,1,800.00,1
nicx,Logitech G300S,1000,1000,1.4,1400,1
Grim,VAXEE XE V2 White,2000,800,0.72,576,1
JT,ZOWIE EC3-DW Glossy,1000,400,2.8,1120.00,1
hallzerk,VAXEE E1 Wireless White,4000,400,2.5,1000.00,1
Kvem,Logitech G Pro X Superlight 2 Magenta,1000,400,3,1200,1
BELCHONOKK,Logitech G Pro X Superlight 2 White,1000,800,1.1,880.00,1
Jame,Logitech G Pro X Superlight 2 Black,2000,3200,0.3,960.00,1
AW,Logitech G Pro X Superlight 2 Black,1000,400,1.5,600.00,1
xiELO,Logitech G Pro X Superlight 2 Magenta,1000,400,2.3,920.00,0.9
nota,Logitech G Pro X Superlight 2 White,4000,800,0.95,760.00,1
jambo,Logitech G Pro X Superlight 2 Black,4000,800,1,800.00,1
fear,Logitech G Pro X Superlight 2 White,1000,400,1.35,540.00,1
jackasmo,Logitech G Pro X Superlight 2 Magenta,4000,400,2.5,1000.00,1
KRIMZ,Razer Viper V3 Pro Faker Edition,2000,400,1.45,580.00,1
blameF,Logitech G Pro X Superlight Magenta,1000,400,1.49,596.00,1.2
Mokuj1n,Logitech G Pro X Superlight 2 Black,1000,800,1.3,1040.00,1
SYPH0,ZOWIE U2,1000,800,1.13,904.00,1
robo,,1000,800,1.4,1120.00,1
Summer,Lamzu Maya Doodle,8000,400,2.00,800,0.95
ChildKing,Lamzu Maya Black,1000,800,1,800.00,1
L1haNg,,1000,800,1.3,1040.00,1
somebody,Logitech G Pro X Superlight 2 Magenta,2000,400,2.25,900.00,1
Kaze,Pulsar Xlite V4 Es,2000,400,2,800.00,1
Marek,,,,,,
TiGeR,,,,,,
XELLOW,Logitech G Pro X Superlight 2 Black,2000,400,2,800,1
Blytz,Razer Viper V2 Pro Black,1000,800,0.9,720.00,1
s0und,ZOWIE U2,1000,800,1,800.00,1
refrezh,Razer Viper V3 Pro Black,2000,400,1.8,720.00,1
faveN,Logitech G Pro X Superlight White,1000,400,2.10,840,1
raalz,ZOWIE EC1-CW,1000,400,1.6,640,1
cej0t,Pulsar Xlite V3 Es Founder’s Edition,4000,1600,0.475,760.00,1
kraghen,VAXEE XE V2 Black,2000,800,1,800.00,1
MoDo,Logitech G Pro X Superlight 2 Magenta,1000,800,1,800.00,1
bnox,Razer Viper V3 Pro Green,1000,400,1.8,720.00,1
phzy,ZOWIE EC2-DW Black,1000,800,1.25,1000.00,0.82
Calyx,ZOWIE FK2-DW Black,1000,800,2,1600.00,1
imoRR,Logitech G Pro X Superlight 2 Black,1000,400,2.1,840.00,1
EMSTAR,Rampage Blitz Ultimate 8K,4000,800,1.25,1000.00,1
jresy,Logitech G Pro X Superlight 2 Black,1000,400,2.4,960.00,1
maaryy,Razer DeathAdder V4 Pro Black,1000,400,1,400,1
mASKED,Razer DeathAdder V4 Pro Green,1000,400,1.61,644.00,1
SaMey,Logitech G Pro X Superlight 2 White,1000,400,2.3,920.00,1
Markeloff,Logitech G Pro X Superlight 2 Black,4000,400,1.75,700.00,0.8
reiko,,,,,,
olimp,VAXEE E1 Wireless Black,1000,400,0.69,276.00,1
moonwalk,Logitech G Pro X Superlight 2 Magenta,1000,400,1.66,664,1
bajmi,Razer Viper V3 Pro Black,2000,1600,0.4,640,1.1
Grashog,Razer Viper Ultimate,1000,800,1.1525,922.00,1
shalfey,Logitech G Pro X Superlight 2 White,1000,400,2.01,804,1
Alv,,,,,,
Krad,ZOWIE U2,1000,800,1.1,880.00,1
nellozz,Razer Viper V3 Pro Black,2000,400,1.51,604.00,1.05
Gnøffe,Endgame Gear OP1w 4K Black,1000,800,0.7,560,1
tOPZ,Logitech G Pro X Superlight 2 Black,1000,800,1.28,1024,1
adamS,Logitech G Pro X Superlight White,1000,400,2.2,880,1.2
max,VAXEE XE V2 Pink,2000,800,1,800,1
urban0,VAXEE XE V2 Pink,1000,500,1.55,775.00,1
luchov,Logitech G Pro X Superlight 2 Black,1000,800,1,800.00,1
meyern,Razer Viper V3 Pro Black,1000,400,2.25,900.00,1
HUASOPEEK,Razer Viper V3 Pro Green,1000,800,0.76,608.00,1
Luken,VAXEE ZYGEN NP-01S Wireless Blue,4000,800,1.1,880.00,1
lcf,Logitech G Pro X Superlight White,1000,400,1.82,728,1
land1n,ZOWIE EC2-CW,1000,400,2.2,880,1
CSO,Razer Viper V3 Pro White,1000,400,1.77,708,1
Zyphon,ZOWIE EC2-CW,1000,400,2,800.00,1
Lucky,Razer Viper V3 Pro White,1000,1600,0.65,1040.00,0.9
Cabbi,Razer Viper V3 Pro White,1000,800,1.25,1000.00,1
Beccie,,1000,400,1.6,640.00,0.8
Patti,Logitech G Pro X Superlight 2 White,2000,400,1.4,560,1
MistR,Logitech G Pro X Superlight 2 White,1000,800,0.68,544.00,0.75
Djoko,Logitech G Pro X Superlight Black,1000,800,1.00,800,0.7
misutaaa,Razer Deathadder V3 Pro White,4000,400,1.35,540,1
NBK-,ZOWIE S2 Divina Blue,1000,400,1.8,720,1
steel,Razer Viper V3 Pro Black,1000,800,1.30,1040,1
Skadoodle,Logitech G Pro X Superlight Black,1000,1600,0.42,672,1
tomaszin,Logitech G Pro X Superlight 2 Magenta,1000,800,1.2,960.00,1.1
Noktse,VAXEE OUTSET AX Wireless Orange,1000,800,1.19,952,1
timo,Logitech G Pro X Superlight 2 Black,1000,800,0.52,416,1.1
buda,Logitech G Pro X Superlight Magenta,1000,400,2,800.00,1
Dytor,Razer Viper V3 Pro White,1000,400,1.45,580,1
nbqq,,,,,,
forsyy,Razer Viper V3 Pro Black,1000,400,2.5,1000,0.8
manguss,,,,,,
Aaron,Razer Viper V3 Pro White,1000,400,1.7,680.00,1
kreaz,Razer Viper V3 Pro White,1000,400,1.4,560.00,1
leen,Logitech G Pro X Superlight 2 Black,4000,800,1.23,984.00,1
Gizmy,Logitech G Pro X Superlight Red,1000,800,1.25,1000.00,1
afro,Logitech G Pro X Superlight 2 Black,1000,800,1.15,920.00,1
hAdji,Razer Viper V3 Pro White,4000,400,2.00,800,1
ryu,Logitech G Pro X Superlight 2 Black,2000,400,2,800,1
Bymas,Logitech G Pro X Superlight 2 Dex Black,2000,800,1.25,1000.00,1
AZUWU,Logitech G Pro X Superlight 2 Magenta,1000,800,1.25,1000.00,1
dem0n,Logitech G Pro X Superlight 2 Black,4000,800,0.7,560,1
cmtry,Logitech G Pro X Superlight 2 Black,1000,800,0.7,560,1
Nivera,Razer Deathadder V3 Pro White,1000,800,0.6,480,1
dziugss,Logitech G Pro X Superlight 2 Black,1000,400,2,800,1
Krabeni,Logitech G Pro X Superlight 2 Black,1000,800,0.759,607.20,1
lauNX,Logitech G Pro X Superlight Black,1000,800,1.5,1200,1
ScreaM,Finalmouse Ultralight X Prophecy ScreaM Classic,4000,400,2.5,1000.00,1
h4rn,VAXEE ZYGEN NP-01,1000,400,2.5,1000.00,1
t9rnay,Logitech G Pro X Superlight 2 Magenta,1000,400,2,800.00,1
Razzmo,Razer Viper V3 Pro White,1000,800,0.52,416,1
venomzera,VAXEE XE-S Wireless Pink,1000,800,1.2,960.00,1.2
HEN1,Pulsar Xlite V4,4000,400,2.7,1080.00,1.1
kauez,Logitech G Pro X Superlight 2 White,1000,400,2.5,1000,1
drop,Logitech G Pro X Superlight 2 Black,2000,400,2.3,920.00,1
history,Logitech G Pro X Superlight 2 Magenta,1000,400,2,800,1
Chay,Logitech G Pro X Superlight 2 Dex Magenta,1000,800,1.5,1200.00,1
felps,ZOWIE EC2-CW,1000,400,2.00,800,1
MICHU,VAXEE E1 Wireless Blue,1000,800,0.535,428.00,0.85
CeRq,ZOWIE EC2 RED V2,1000,400,2.2,880,0.8
SHiPZ,VAXEE E1 Wireless Black,1000,400,2.40,960,1
Rainwaker,Logitech G Pro X Superlight Red,1000,400,2.20,880,1
volt,Logitech G Pro X Superlight 2 Black,2000,1600,0.5,800.00,1
hampus,Razer DeathAdder Elite,1000,400,1.67,668,0.78
CYPHER,Logitech G Pro X Superlight White,1000,400,1.5,600,1.2
VLDN,Logitech G Pro X Superlight Black,1000,800,1,800,1
Kind0,ZOWIE EC2-CW,1000,400,1.85,740,1
emi,ZOWIE EC2-B Divina Blue,1000,400,1.77,708,0.94
c0llins,Razer DeathAdder V4 Pro Green,4000,400,2,800,1
nopzy,Razer Viper V3 Pro Black,2000,800,1.35,1080.00,1.31
SLIGHT,Logitech G Pro X Superlight Black,1000,800,2,1600.00,1
Fruitcupx,Logitech G Pro X Superlight 2 Black,1000,400,2.2,880.00,1
Wolffe,Razer Viper V3 Pro Black,1000,400,1.8,720.00,1
atarax1a,VAXEE ZYGEN NP-01S Wireless White,1000,400,2,800.00,1
laser,ZOWIE S1,1000,800,1.25,1000.00,1
deco,Logitech G Pro X Superlight 2 Magenta,1000,800,0.75,600.00,1
righi,VAXEE OUTSET AX Wireless Pink,1000,400,1.7,680.00,1
reversive,ZOWIE EC1-CW,1000,400,1.6,640.00,1
kNgV-,Logitech G Pro X Superlight White,1000,400,2.7,1080.00,0.95
boltz,WLMouse BEAST X Black,1000,1600,0.875,1400.00,1
shz,Razer DeathAdder V4 Pro Black,1000,400,1.25,500,1
danistzz,Logitech G Pro X Superlight 2 Black,1000,400,1.79,716.00,1.23
clax,Razer Deathadder V3 Pro White,1000,400,2.20,880,1
Patsi,ZOWIE U2,1000,400,2.1,840.00,1
r3salt,Logitech G Pro X Superlight 2 Magenta,2000,400,1.25,500.00,1.2
Norwi,Razer Deathadder V3 Pro White,4000,400,1.2,480.00,1
xseveN,VAXEE ZYGEN NP-01S,1000,800,0.90,720,1
Aerial,ZOWIE EC2-A,1000,400,1.9,760.00,1
allu,Logitech G Pro X Superlight Black,1000,400,3.00,1200,1
HENU,Logitech G Pro X Superlight 2 Magenta,4000,400,3.09,1236.00,1
stadodo,Razer Viper V3 Pro Black,1000,400,2.40,960,1
Icarus,Razer Viper V3 Pro Black,4000,800,1.1,880,1
snapy,Razer Viper V3 Pro Black,1000,800,1.25,1000,1
NOPEEJ,Razer DeathAdder V4 Pro Black,1000,400,2,800.00,1
TMKj,Logitech G Pro X Superlight 2 Black,1000,800,1.25,1000.00,1
SHOOWTiMe,Razer Viper V3 Pro Green,1000,400,1.90,760,1
JOTA,ZOWIE EC3-CW,1000,800,2.5,2000,1
kyuubii,Razer Viper V3 Pro White,4000,800,1.2,960.00,1
captainMo,Razer Viper V3 Pro Black,1000,400,1.6,640.00,0.9
Gratisfaction,Logitech G Pro X Superlight 2 Black,2000,800,1.1875,950,1
yvro,Razer Viper V3 Pro Black,4000,1600,0.555,888,1
Enzo,Razer Deathadder V3 Pro Black,1000,400,1.72,688,1
Nami,Razer DeathAdder V4 Pro Black,4000,400,1.45,580,1
darchevile,Razer DeathAdder V4 Pro White,1000,800,0.9,720,1
Melavi,Razer DeathAdder V4 Pro White,4000,400,2.3,1120,1
AdrieN,Logitech G Pro X Superlight 2 Black,2000,1600,0.5,800,1
chudy,Razer DeathAdder V4 Pro Black,2000,800,0.9,720,1
vsm,ZOWIE EC2-CW,1000,800,1.2,960,1
danoco,Razer DeathAdder V4 Pro Black,1000,400,2.10,840,1.2
yepz,Pulsar Xlite V3 Es Black,1000,800,0.9,720.00,1
bsd,Logitech G Pro X Superlight 2 Black,1000,800,1,800.00,1
Cooper,Razer Viper V3 Pro White,4000,800,1.2,960,1
fl0m,SteelSeries Prime Wireless,1000,800,1.50,1200,1
Trucklover86,Finalmouse Ultralight X Large,1000,400,1.7,680.00,1
JW,Logitech G Pro X Superlight Black,1000,400,2,800.00,1
Peppzor,Razer Viper V3 Pro Black,4000,400,2.2,880.00,1
Ro1f,Razer Viper V3 Pro White,1000,800,1,800.00,0.82
maxster,ZOWIE EC1-CW,1000,800,0.68,544,0.8
bobeksde,Razer Viper V3 Pro Black,1000,800,1,800.00,1
dex,VAXEE ZYGEN NP-01S V2 Wireless Grey,1000,800,0.9,720.00,1
MisteM,Razer Viper V3 Pro Faker Edition,1000,400,1.33,532,1
MahaR,Razer Viper V3 Pro Black,1000,400,1.7,680,1
Valde,Logitech G Pro X Superlight 2 Black,1000,400,1.65,660,1
Leakz,Logitech G Pro X Superlight Black,1000,400,2.2,880,6
salazar,Pulsar JV-X,4000,400,2.35,940,1
Boye,Sprime PM1,1000,400,1.6,640.00,1
IceBerg,Razer Viper V3 Pro Black,1000,800,0.85,680.00,0.81
uli,ZOWIE EC2-CW,1000,400,1.65,660.00,0.8
xns,ZOWIE EC2-A White,1000,400,2.30,920,1
pesadelo,ZOWIE EC2-CW,1000,400,3.09,1236,1
HObbit,Logitech G Pro X Superlight 2 White,2000,800,1.25,1000.00,0.86
interz,VAXEE XE V2 Black,4000,800,1.4,1120.00,1
lattykk,Logitech G Pro X Superlight 2 Magenta,1000,1600,0.9,1440,1
mirbit,Logitech G Pro X Superlight Black,1000,800,0.90,720,1
shokz,ZOWIE EC2 Black,1000,1600,0.43,688,0.9
gxx,Razer Deathadder V3 Pro Black,4000,400,2,800,1.2
SENER1,Logitech G Pro X Superlight 2 White,2000,400,3,1200.00,1
juanflatroo,Razer DeathAdder V4 Pro Green,4000,400,2.3,920,1
sinnopsyy,Razer Viper V3 Pro Green,2000,400,3.25,1300,1.2
syncD,Pulsar Xlite v4 Mini Quiccs Edition,1000,800,1.25,1000.00,1
hayanh,Logitech G Pro X Superlight 2 Black,2000,800,1,800,1
miksozzz,Razer DeathAdder V4 Pro White,4000,400,2.5,1000,1
AyeZ,Logitech G Pro X Superlight 2 SE Red,2000,800,0.84,672.00,1
dav1g,Logitech G Pro X Superlight 2 Magenta,2000,400,1.8,720.00,1
sausol,Pulsar Xlite V3 Es Red,1000,800,1.2,880,1
alex,Razer Viper V3 Pro White,1000,400,1.5,600,1
mopoz,ZOWIE FK1+,1000,400,1.4,560,1
MartinezSa,Logitech G Pro X Superlight 2 White,2000,400,2,800.00,1
MiGHTYMAX,Razer Deathadder V3 Pro Black,1000,400,1.60,640,1
beastik,VAXEE E1 Wireless Red,1000,400,1.2,480.00,1.1
SHOCK,ZOWIE EC2-CW,1000,400,1.2,480.00,0.8
MoriiSko,VAXEE ZYGEN NP-01S V2 Wireless Deep Blue,1000,400,1.485,594,1
ZEDKO,VAXEE ZYGEN NP-01S V2 Wireless Deep Blue,1000,800,0.49,392,0.5
Kisserek,VAXEE E1 Wireless Red,1000,400,1.42,568,1
Pepo,Razer Viper V3 Pro White,2000,400,1.75,700.00,1
stressarN,Razer DeathAdder V4 Pro Black,4000,400,2.2,880,1
doc,Razer Deathadder V3 Pro Black,1000,800,1.1,880,1
upE,Razer Deathadder V3 Pro Black,1000,400,1.4,560,1
PlesseN,Razer Viper V3 Pro Faker Edition,1000,800,1.4,1120,1
Avid,Razer Viper V3 Pro Faker Edition,1000,800,1.1,880,0.82
twist,Razer Viper V3 Pro Faker Edition,1000,400,2.00,800,1
eraa,Razer Viper V3 Pro Faker Edition,1000,400,1.8,720,1
poiii,Razer Viper V3 Pro White,4000,800,0.89,712.00,1
niko,Razer Deathadder V3 Pro Black,1000,400,1.30,520,1
gokushima,Logitech G Pro X Superlight 2 Black,2000,800,1.6,1280.00,1.25
rain,Razer Viper V3 Pro Faker Edition,1000,800,0.95,760.00,1
xelex,Logitech G Pro X Superlight 2 Magenta,1000,400,1.8,720.00,1
Dementor,Razer Viper V3 Pro Black,1000,400,2,800,1
isak,Logitech G Pro X Superlight 2 White,8000,800,0.855,684.00,1
L00m1,Logitech G Pro X Superlight 2 Black,1000,400,2,800.00,1
Jackinho,Lamzu Maya X Purple Shadow,1000,1600,0.425,680.00,1
Plopski,VAXEE E1 Wireless Black,500,800,1,800.00,1.2
nawwk,Logitech G Pro X Superlight 2 Magenta,2000,400,2.7,1080.00,1
Dragon,Razer DeathAdder V4 Pro White,2000,400,1.5,600,1
MaiL09,Logitech G Pro X2 SUPERSTRIKE (Unreleased),2000,800,0.7,560,1
ritchiE,FinalMouse Starlight Pro,1000,800,0.75,600,0.8
S3NSEY,Pulsar Xlite V3 Es Black,1000,400,2,800,1
paz,Pulsar Xlite V3 Es Black,4000,400,2.4,960,1
Banjo,VAXEE E1 Wireless Black,1000,800,1,800,1
Soulfly,ZOWIE EC2-CW,1000,800,1.3,1040,1
Rip,Logitech G Pro X Superlight Black,1000,800,0.6,480,1
Lobanjica,ZOWIE EC1 Tyloo,1000,800,1.70,1360,1
lov1kus,Logitech G Pro X Superlight White,1000,400,1.9,760.00,1
glowiing,Razer Viper V3 Pro White,4000,800,1,800.00,1
FenomeN,Logitech G Pro X Superlight 2 Black,1000,400,3.09,1236.00,1
notineki,Logitech G Pro X Superlight 2 Black,1000,800,1.15,920.00,1
bl1x1,Logitech G Pro X Superlight 2 Black,2000,800,1.7,1360.00,1.2
Forester,Logitech G Pro X Superlight Black,1000,800,0.6,480.00,1
alpha,Logitech G Pro X Superlight Red,1000,400,1.69,676,1
brzer,ZOWIE EC2-CW,1000,400,3.09,1236,1
nafany,Razer Viper V3 Pro White,1000,800,1,800.00,1
iDISBALANCE,Logitech G Pro X Superlight 2 White,2000,800,1.35,1080.00,1
TRAVIS,Razer Viper V3 Pro White,1000,800,1.1,880.00,1
sstiNiX,Logitech G Pro X Superlight 2 Black,500,400,2.869,1148,1
KaiR0N-,ZOWIE S2-DW Black,1000,800,0.9,720.00,1
KENSI,Logitech G Pro X Superlight 2 Magenta,2000,800,1.1,880.00,1
d4rty,Logitech G Pro X Superlight Black,1000,800,0.8,640.00,1
austin,Logitech G Pro X Superlight 2 Dex Magenta,4000,400,1.8,720.00,1.2
n1Xen,Razer Viper V3 Pro Black,1000,800,1.425,1140.00,1
Matheos,Logitech G Pro X Superlight 2 Dex Black,4000,1600,0.6269,1003.04,1
Tapewaare,Pulsar ZywOo The Chosen Mouse Black,1000,800,1,800.00,0.9
Jorko,Logitech G Pro X Superlight 2 Black,4000,1600,0.5,800.00,1
b1elany,Razer Viper V3 Pro Black,4000,1600,0.4,640.00,1
synyx,Logitech G Pro X Superlight 2 Black,2000,800,1.1,880,1
yAmi,Logitech G Pro X Superlight Black,1000,400,2.1,840,1.05
Veccil,,4000,400,2.4,960.00,1
Bart4k,Logitech G Pro X Superlight Red,1000,400,1.5,600.00,1
sk0R,Logitech G Pro X Superlight White,500,800,1.3,1040,1
xerolte,Razer Deathadder V3 Pro Black,1000,400,2.3,920.00,1
cobra,Logitech G Pro X Superlight 2 Magenta,1000,400,1.4,560.00,1
nin9,Razer DeathAdder V4 Pro Black,1000,400,1.9,760.00,1
fostar,Logitech G Pro X Superlight Black,1000,800,1.1,880.00,1
1mpala,Xtrfy M8 Frosty Purple,1000,1600,1.57,2512.00,1
FinigaN,Logitech G Pro X Superlight White,1000,400,2.4,960,1.1
SELLTER,Logitech G Pro X Superlight 2 White,2000,400,1.8,720.00,1
easy,Logitech G Pro X Superlight 2 Black,1000,400,3.09,1236.00,1
Sdaim,Razer DeathAdder V3 HyperSpeed,1000,800,0.8,640,1
Lack1,Pulsar Xlite V3 Es White,1000,400,1.37,548.00,1
Annihilation,Logitech G Pro X Superlight White,1000,400,1.48,592,1
kabal,Logitech G Pro X Superlight Red,1000,800,1,800.00,0.95
dobu,ZOWIE EC2-CW,1000,400,2.15,860,1
Zesta,,1000,800,1.25,1000.00,1
MiQ,,,,,,
AccuracyTG,Logitech G Pro X Superlight 2 White,1000,800,2,1600.00,1.05
DARE,Razer Viper V3 Pro White,2000,800,1.35,1080.00,1
adeX,VAXEE NP-01S Pink,1000,800,1.0977,878.16,1
Drop,Logitech G Pro X Superlight 2 Black,1000,400,1.42,568.00,1
X5G7V,Logitech G Pro X Superlight White,1000,800,1.05,840,1
CoJoMo,Razer DeathAdder V4 Pro White,1000,400,2,800.00,1
jkaem,ZOWIE EC2-CW,1000,400,1.60,640,1
pr1metapz,Razer Viper V3 Pro White,1000,400,2.4,960,1.1
aNdu,Razer Deathadder V3 Pro Black,1000,400,2.2,880.00,1
CacaNito,Logitech G Pro X Superlight 2 Black,1000,400,1.5,600,1.04
nexa,Logitech G Pro X Superlight 2 Magenta,1000,800,1.25,1000.00,1
s1mple,Logitech G Pro X Superlight 2 White,1000,400,3.09,1236,1
anarkez,Pulsar ZywOo The Chosen Mouse Black,1000,500,3,1500,1
electronic,Pulsar Xlite V4 Es,1000,400,2.2,880.00,1
honda,Pulsar Xlite V3 Size 2 Black,1000,400,1.2,480,1
kory,Logitech G Pro X Superlight Black,1000,800,1.5,1200,1
Porya,Logitech G Pro X Superlight Black,,,,,
tAk,Razer Deathadder V3 Pro White,1000,400,2,800,1.1
Draken,Razer Deathadder V3 Pro White,1000,400,1.95,780,1
Sapec,VAXEE ZYGEN NP-01S,1000,800,1.13,904.00,1
Svedjehed,ZOWIE EC2-CW,1000,800,1,800,1
Lekr0,VAXEE XE V2 Black,1000,800,1.00,800,0.59
jocab,Lamzu Atlantis 4K,1000,800,0.9,720,1
bevve,Razer DeathAdder V4 Pro Black,1000,800,1.5,1200.00,1
POLO,Razer DeathAdder V4 Pro Green,4000,800,1.11,888.00,1
virtuoso,Razer DeathAdder V4 Pro Green,4000,800,1,800.00,1
nestee,Razer Viper V3 Pro White,4000,800,1.034,827.20,1
Marix,Razer Deathadder V3 Pro Black,4000,1600,0.35,560,0.82
bondik,ZOWIE EC2-CW,1000,1800,2.50,1125,1
Freeman,ZOWIE FK1,1000,400,2.20,880,1
tomiko,Razer DeathAdder V4 Pro White,1000,800,1,800,0.9
BnTeT,SteelSeries Sensei Ten,1000,810,1.10,668.25,1.1
ohnepixel,Logitech G203,1000,1600,0.45,720.00,1
EspiranTo,Logitech G Pro X Superlight Black,1000,800,1.2,960.00,1
Pechyn,,,,,,
Levi,,,,,,
K1-FiDa,Razer DeathAdder V3 HyperSpeed,,,,,
NEOFRAG,Logitech G Pro X Superlight Red,1000,400,1.45,580,1.1
Maze,Razer DeathAdder V4 Pro Black,1000,400,2.1,840,1.2
aVN,Logitech G Pro X Superlight 2 White,1000,400,2,800.00,1
brutmonster,Razer Deathadder V3 Pro Black,4000,400,2.5,1000.00,1
Cjoffo,Logitech G Pro X Superlight Black,1000,400,1.52,608.00,1.5
simke,Logitech G Pro X Superlight 2 Black,1000,400,1.9,760.00,1.05
maden,Razer DeathAdder V3 HyperSpeed,4000,800,2,1600,1.17
nEMANHA,Razer Viper V3 Pro Green,1000,400,1.95,780.00,1
swicher,,1000,400,2.4,960.00,1
mediocrity,Razer Deathadder V3 Pro Black,1000,800,0.75,600.00,1
weqt2,Razer Deathadder V3 Pro Black,1000,400,2,800.00,1
SALO_MUX,ZOWIE EC1-A,1000,800,1.75,1400.00,1
tried,WLMouse BEAST X Black,1000,800,1.4,1120.00,1
StRoGo,Logitech G Pro X Superlight 2 Black,1000,800,1.15,900,1
m3wsu,Pulsar Xlite V3 Es Black,1000,400,1.4,560.00,1
Aunkere,Logitech G Pro X Superlight 2 Dex Black,1000,500,2.4,1200.00,1.1
deko,Endgame Gear OP1 8k Purple,1000,400,2.7,1080.00,1.1
Skodo,Logitech G Pro X Superlight 2 Black,4000,800,1,800.00,1
thamlike,Razer Viper V3 Pro Black,4000,800,1.23,984,1
SinK,Razer Viper V3 Pro Black,1000,400,2.35,940,1
Skejs,Razer Viper V3 Pro Black,4000,800,1.25,1000,1
GA1De,Razer Viper V3 Pro Green,4000,800,1,800,1
PKL,Razer Viper V3 Pro Black,4000,400,2.20,880,1
hardzao,Razer Deathadder V3 Pro Black,2000,400,2.00,800,1
cptkurtka023,Logitech G Pro X Superlight White,1000,400,2,800.00,1
Burmylov,Logitech G Pro X Superlight 2 Black,4000,800,1.13,904.00,1
zock,Logitech G Pro X Superlight 2 Dex White,1000,400,1.9,760.00,1
KAISER,VAXEE OUTSET AX Wireless Pink,1000,800,1.52,1216.00,1
Tuurtle,Razer DeathAdder V4 Pro Black,4000,400,1.5,600,1
fREQ,Razer DeathAdder V4 Pro Black,2000,400,1.7,680,1
nyezin,Logitech G Pro X Superlight 2 Magenta,1000,800,1,800.00,1.2
ninjaZ,Lamzu Maya X Black,2000,1600,0.625,1000.00,1
piriajr,VAXEE XE V2 Black,1000,800,2,1600,1
Q-Q,,1000,800,0.9,720.00,0.8
Fessor,VAXEE OUTSET AX Wireless Orange,4000,800,1,800.00,1
hades,VAXEE NP-01S Ergo Malt Brown,2000,400,2.15,860.00,1
kRaSnaL,Logitech G Pro X Superlight 2 Black,2000,400,1.82,728.00,1
twenty3,VAXEE XE Wireless Pink,1000,400,2.1,840,1
ANa,ZOWIE FK2-DW Black,1000,400,1.9,760.00,1
aliStair,Razer Viper V3 Pro White,2000,400,1.90,760,1
naz,Logitech G Pro X Superlight 2 White,1000,400,2,800.00,1
dea,Razer Viper V3 Pro Black,1000,800,0.7,560.00,1
shane,Razer Viper V3 Pro Black,1000,400,1.7,680.00,1
FaNg,Razer DeathAdder V4 Pro White,4000,800,1.06,848.00,1
neaLaN,Razer Deathadder V3 Pro Black,1000,800,1.1,880.00,0.9
CRUC1AL,ZOWIE EC2-CW,500,400,2.50,1000,1
keis,Logitech G Pro X Superlight 2 Black,1000,800,1.25,1000,1
Masi,Logitech G Pro X Superlight 2 Magenta,4000,800,1.15,920,0.95
flying,ZOWIE S2,1000,400,1.55,620,1
KWERTZZ,Logitech G Pro X Superlight 2 Black,2000,400,1.9,760,1
oskar,Razer DeathAdder Chroma,1000,400,3.50,1400,0.8
Griller,Razer Viper V3 Pro White,1000,800,0.95,760.00,1
nukkye,Razer Viper V3 Pro Dragon Lore Edition,1000,400,2,800,1
zewts,Razer Viper V3 Pro Black,1000,1600,0.5,800.00,1
Kiy0o,Logitech G Pro X Superlight 2 Black,1000,800,1.05,840.00,1.3
majky,,1000,800,0.85,680.00,1
Keoz,VAXEE OUTSET AX Wireless Yellow,1000,400,2.0608,824.32,1
Vegi,,1000,800,1.1,880,1
b0denmaster,Razer Viper V3 Pro Black,1000,400,1.5,600,1
b0RUP,ZOWIE EC2-CW,1000,400,2.00,800,1
birdfromsky,ZOWIE EC2-CW,1000,800,0.88,704,1
Dani,Razer Viper V3 Hyperspeed,1000,800,0.94,752,1
GaBi,ZOWIE EC1-CW,1000,800,0.73,584.00,1
poppins,Razer Viper V3 Pro Black,1000,800,1.1,880.00,1
yungher,Razer DeathAdder V3 HyperSpeed,4000,400,2.6,1040.00,1
OLGA,ZOWIE U2,4000,400,1.94,776,1
juho,Logitech G Pro X Superlight 2 Black,4000,400,1.4,560.00,1.2
smooya,Razer DeathAdder V4 Pro Black,1000,400,1.80,720,1.14
mhL,VAXEE E1 Wireless Black,1000,400,2,800,1
h0kz,ATK Blazing Sky F1 Pro MAX,1000,800,1.3,1040.00,1
k1to,Logitech G Pro X Superlight Magenta,1000,400,1.7,680.00,1.1
delle,Razer Viper V2 Pro White,1000,800,0.69,552,0.65
syrsoN,Logitech G Pro X Superlight 2 Dex Magenta,2000,1600,0.92,1472,1
Altekz,Razer Viper V3 Pro Black,1000,400,1.44,576.00,1.2
miwo,Razer Viper V3 Pro Black,4000,1600,0.3,480,0.81
innocent,Lamzu Maya X Black,4000,800,0.90,720,1
hfah,,1000,400,1.4,560.00,1
Qlocuu,Razer Viper V3 Pro Black,2000,800,0.8,640.00,1
Sobol,Logitech G Pro X Superlight White,1000,400,1.7,680,1
Flayy,Logitech G Pro X Superlight 2 Black,1000,400,1.6,640,1.2
SIXER,Razer DeathAdder V3 HyperSpeed,4000,800,0.8,640.00,1
devoduvek,VAXEE XE Wireless White,1000,400,1.6,640,1
JACKZ,ZOWIE EC2-DW Black,1000,400,1.661,664.40,1
NucleonZ,Dark Project Novus SE,1000,800,1.375,1100.00,1.15
VENO,Razer DeathAdder V4 Pro Black,1000,2400,0.4166,999.84,0.65
Olaie,Razer DeathAdder V4 Pro Black,1000,3200,0.25,800.00,1
grecu,Razer DeathAdder V4 Pro Black,1000,400,2.2,880.00,1.1
clockzi,Logitech G Pro X Superlight 2 Black,4000,400,2.2,880.00,1
vilga,Razer Viper V3 Pro Black,1000,800,1.35,1080.00,1
aiM,Razer DeathAdder V4 Pro Black,1000,1000,1,1000.00,1
Zana,Razer Viper V3 Pro Black,1000,800,1.42,1136.00,1
Nayomy,Razer Viper V3 Pro Black,1000,800,0.62,496.00,1.1
Qiyarah,Razer DeathAdder V4 Pro Black,1000,800,0.7,560.00,1.49
suns1de,WLMouse BEAST X Purple,8000,800,1,800.00,1
TOAO,Razer Viper V3 Pro Black,4000,800,1.10,880,1.03
DGL,Logitech G Pro X Superlight Magenta,1000,400,2.5,1000.00,1
szejn,ZOWIE EC2-CW,1000,400,3.125,1250,1
mynio,VAXEE E1 Wireless Black,1000,800,1,800,1
KEi,ZOWIE EC2-CW,1000,400,2,800.00,1
Kylar,Logitech G Pro X Superlight 2 Black,2000,400,1.77,708,1
Kunai,Razer DeathAdder V4 Pro Green,2000,400,1.8,720.00,1
Ayteel,Razer DeathAdder V4 Pro Black,2000,800,1.15,920.00,1
stesso,Logitech G Pro X Superlight 2 Black,2000,400,1.3,520.00,1
Queenix,ZOWIE EC2-DW Black,4000,400,2.25,900.00,1
bekker,Razer DeathAdder V4 Pro Green,2000,800,1,800,0.9
Mol011,Logitech G Pro X Superlight Black,4000,800,1,800,1
Viggo,Logitech G Pro X Superlight 2 White,4000,800,1.2,960.00,1
Goosebreeder,Logitech G Pro X Superlight 2 Black,1000,1600,0.6,960,1
nython,Logitech G Pro X Superlight Black,1000,800,1.2,960,1.1
DeStiNy,Razer Viper V3 Pro Green,1000,400,2.00,800,1
MarkE,Ninjutso Sora V2 White,1000,800,1.00,800,1
junior,Razer DeathAdder V3 Pro Faker Edition,1000,400,3.1,1240,1
Cryptic,Pulsar X2 V2 Black,1000,1600,0.4425,708.00,1
Walco,Logitech G Pro X Superlight Black,1000,400,1.55,560,1
cxzi,Logitech G Pro X Superlight Black,1000,800,0.75,600.00,1
Wolfy,Logitech G Pro X Superlight Black,1000,400,1.85,740,1
motm,VAXEE XE Yellow,1000,400,2.00,800,1
reck,ZOWIE FK2-DW Black,1000,400,3.5,1400.00,1
freshie,Logitech G Pro X Superlight Black,1000,800,0.7,560.00,1
buster,Logitech G Pro X Superlight 2 White,2000,400,2.20,880,1
Bambosh,Razer Viper V3 Pro Black,,,,,
OWNER,Logitech G Pro X Superlight Black,1000,800,1.25,1000,1
Rutk0,Logitech G Pro X Superlight Black,1000,800,1.65,1320,1
hasteka,Logitech G Pro X Superlight Black,1000,400,1.9,760,1
sLowi,Logitech G Pro X Superlight 2 Magenta,2000,400,3.20,1280,0.82
asran,Razer Viper V3 Pro Black,1000,400,1.8,720,1
amster,,1000,800,1.35,1080,1
DD,ZOWIE S2 Divina Pink,1000,400,3.09,1236,1.2
wiz,Logitech G Pro X Superlight Black,1000,800,1.2,960,1
kinqie,Logitech G Pro Wireless,1000,800,1.25,1000,1
Smithzz,VAXEE OUTSET AX Yellow,1000,400,1.88,752,0.8
Raijin,Logitech G Pro X Superlight Magenta,1000,800,1,800,1
JUGi,Razer Deathadder V3 Pro Black,1000,700,0.80,560,1
poizon,Logitech G Pro X Superlight Black,1000,400,1.9,760,1
leman,ZOWIE S2 Divina Pink,1000,400,3,1200,1
jedqr,ZOWIE ZA11-B,1000,800,1.5,1200,1
rox,VAXEE ZYGEN NP-01S Glossy,1000,800,2.2,1760,1.1
phaze,Razer Viper V3 Pro Black,4000,400,2.2,880,1
pHoonyJ,Razer Viper V3 Pro Black,4000,400,2.1,840,1
ROGA,Razer Viper V3 Pro White,1000,800,1.39,1112,1
Sukker,,1000,400,3.05,1220,0.9
zehN,Razer Viper V3 Pro Black,1000,400,1.50,600,1
phr,Razer Deathadder V3 Pro Black,1000,800,0.8,640.00,1
ottoNd,Razer Viper V3 Pro White,1000,400,1.77,708,1
Airax,Razer Deathadder V3 Pro White,1000,800,1.175,940,1.35
Dimaoneshot,Logitech G Pro X Superlight White,1000,800,1.1,880,1
AJTT,Logitech G Pro Wireless,1000,400,1.9,760,1
mertz,Razer Viper V3 Pro Black,8000,400,2.3,920.00,1
joel,Logitech G Pro X Superlight 2 Magenta,2000,400,2.1,840,1
sense,Razer Viper V3 Pro Black,1000,800,1,800,1
BøghmagiC,Razer Viper V3 Pro Black,2000,800,1,800.00,1
kolor,ZOWIE S1,1000,800,1.10,880,1
xsepower,ZOWIE EC2-CW,500,400,2.20,880,1
Hatz,ZOWIE EC2 Black,1000,800,1.00,800,1
prt,ZOWIE EC2 Black,1000,400,2.00,800,1
lollipop21k,Logitech G Pro X Superlight 2 Magenta,2000,800,1.25,1000,0.8
es3tag,Logitech G Pro X Superlight Black,1000,800,1.4,1120,1
supra,Logitech G Pro X Superlight 2 Black,2000,400,2.20,880,1
0SAMAS,Logitech G Pro X Superlight 2 Black,2000,3200,1.5,4800.00,0.95
farlig,Razer Deathadder V3 Pro Black,4000,400,2,800.00,1
Python,ZOWIE EC2-C,1000,400,1.15,460,1
PANIX,Razer Deathadder V3 Pro Black,1000,400,2,800,1
JUST,ZOWIE EC2-CW,1000,400,1.90,760,1
Jyo,Razer Viper V3 Pro Black,1000,800,1.50,1200,1
pr,Razer Viper V3 Pro Black,1000,400,1.58,632,1
red,VAXEE OUTSET AX,1000,800,0.8,640,1
El1an,VAXEE NP-01S Yellow,500,3200,0.45,1440.00,1
AmaNEk,Logitech G Pro X Superlight Black,1000,800,1.55,1240,0.82
Robiin,Razer Viper V3 Pro White,1000,400,2.1,840,1
friberg,SteelSeries Prime Wireless,1000,800,1,800.00,1
mir,Logitech G Pro X Superlight 2 Dex Black,1000,400,1.9,760.00,0.8
Byali,Logitech G Pro X Superlight 2 Dex Black,4000,800,0.9,720.00,1
shushan,Logitech G Pro X Superlight 2 Black,1000,400,2.5,1000,1
OKOLICIOUZ,ZOWIE FK2-DW Black,1000,450,1.55,697.50,1
skywhywalker,Ninjutso Sora V2 Black,1000,1600,1.25,2000.00,1
Thomas,ZOWIE EC2-C,1000,400,1.45,580,1
Chawzyyy,Logitech G Pro X Superlight 2 Black,1000,800,0.68,544,0.64
kressy,ZOWIE S1,1000,800,1.10,880,1
PerX,Razer Viper V3 Pro Black,1000,800,0.85,680,1.07
HS,Razer Viper V3 Pro Black,1000,400,2.40,960,0.9
day0s,Logitech G Pro X Superlight 2 Magenta,2000,400,1.72,688.00,1
maNkz,Razer Viper V3 Pro White,1000,800,1.15,920,1
poka,Logitech G Pro X Superlight 2 White,2000,3200,0.2125,680.00,0.95
aumaN,Logitech G Pro X Superlight 2 Magenta,,,,,
aristo,Logitech G Pro X Superlight Black,1000,800,1.25,1000,1
afufu,,,,,,
NEKIZ,Logitech G Pro X Superlight White,1000,400,2.6,1040,1.3
SHiNE,ZOWIE S1,1000,800,0.79,632.00,1
sL1m3,Razer Viper V3 Pro White,4000,800,0.75,600.00,2
zAAz,ZOWIE EC3-DW Black,1000,400,1.7,680,1
Goofy,Logitech G Pro X Superlight 2 White,2000,800,1.2,960.00,1
Liazz,ZOWIE EC2-CW,500,800,0.95,760,1
HuNt3rz,Logitech G Pro X Superlight 2 Black,4000,800,1.25,1000.00,1
oxygeN,Logitech G Pro X Superlight Black,1000,400,1.55,620,1
SPELLAN,Razer Viper V3 Pro White,1000,800,2,1600,1
ANeraX,Razer Viper V3 Pro White,1000,800,0.92,736,1
ADDICT,VAXEE OUTSET AX Wireless Black,1000,400,1.41,564.00,1
PR1mE,Razer Viper V3 Pro White,1000,400,1.3,520.00,1
M1key,,,,,,
kwezz,Razer Viper V3 Pro White,1000,400,3.09,1236.00,1
BluePho3nix,,4000,400,1.8,720,1
AMSALEM,,1000,800,1.3,1040.00,1
REDSTAR,Razer Viper V3 Pro White,2000,400,2.00,800,1
mantuu,Razer Deathadder V3 Pro Black,1000,400,2.10,840,1
NickelBack,Logitech G Pro X Superlight Red,1000,800,1.1,880.00,0.98
HEAP,VAXEE ZYGEN NP-01S V2 Wireless Deep Blue,1000,400,1.45,580,1.3
Topa,Logitech G Pro X Superlight 2 Magenta,4000,400,1.6,640.00,1
zeRRoFIX,ZOWIE EC2-CW,1000,400,1.7,680.00,1
Woro2k,Logitech G Pro X Superlight 2 White,2000,400,2.33,932.00,1
Kyojin,Logitech G Pro X Superlight Black,4000,800,1.25,1000,1
FoG,Razer Deathadder V3 Pro Black,1000,400,1.2,480.00,1
DeathZz,Razer Viper V3 Pro Black,1000,400,2.25,900,1.1
fino,ZOWIE EC2-CW,1000,400,2,800,1
TIMhehe,Logitech G Pro X Superlight 2 Black,1000,800,1,800.00,1
Furlan,Razer Deathadder V3 Pro Black,1000,800,1.3,1040,1
keiz,Razer DeathAdder V4 Pro Black,1000,400,1.8,920,1
leo_drk,Pulsar Xlite Wireless,1000,800,0.9,720.00,1.12
mchk,Logitech G Pro X Superlight 2 Dex White,2000,400,2.2,880,1
Xicoz,Razer DeathAdder V4 Pro Black,1000,1600,0.70,1120,1
discoStar,Razer DeathAdder V4 Pro Black,4000,800,0.75,600,1
maty,Razer Viper V3 Pro Black,1000,400,1.7,680,1.04
ScrunK,Corsair Sabre v2 Pro,1000,800,0.85,680.00,1
hazr,Razer DeathAdder V4 Pro White,1000,400,1.5,600.00,1
s-chilla,Logitech G Pro X Superlight 2 Black,1000,800,1.2,960.00,1
casey,VAXEE E1 Wireless Black,,,,,
sh3nanigan,Logitech G Pro X Superlight 2 Dex Black,8000,400,1.7,680.00,1.02
dycha,ZOWIE EC2 Tyloo,1000,400,1.5,600.00,1
D0cC,Razer DeathAdder V4 Pro Black,2000,800,1,800.00,1
kadziu,Razer DeathAdder V4 Pro Green,4000,400,2,800.00,1
dexter,VAXEE OUTSET AX Wireless Blue,4000,1600,0.65,1040,6
Stewie2k,VAXEE XE V2 Lake Green,4000,800,1.25,1000.00,1.15
aidKiT,Razer DeathAdder V4 Pro Black,1000,1600,0.45,720.00,0.7
DEPRESHN,Razer DeathAdder V4 Pro Green,4000,800,1.3,1040,1
Brehze,Razer DeathAdder V4 Pro Green,1000,400,3,1200,1
zecco,Razer DeathAdder V4 Pro Green,1000,1600,0.6,960.00,1
kroK,Logitech G Pro X Superlight 2 Black,1000,800,0.85,680.00,1
Nodios,ZOWIE EC2-CW,1000,400,1.51,604,0.9
ToM223,Logitech G Pro X Superlight 2 Black,1000,800,1.2,960,1
fer,ZOWIE EC1-CW,1000,400,2.1,840.00,1
shox,ZOWIE S2-DW Black,1000,400,2,800.00,1
tudsoN,Logitech G Pro 2 LIGHTSPEED Black,4000,1600,0.5,800.00,0.9
STYKO,Razer Viper V3 Pro Dragon Lore Edition,2000,800,0.8,640.00,0.8
meztal,ZOWIE EC2-CW,1000,400,1.08,432.00,1
rallen,Logitech G Pro X Superlight 2 Dex Black,1000,1600,1.2,1920.00,1
expro,,,,,,
cJ dA K1nG,ZOWIE EC2-CW,1000,400,1.7,680,1
Snax,ZOWIE FK2-DW Black,4000,400,1.92,768.00,0.93
snav,Razer DeathAdder V4 Pro Black,1000,800,1.5,1200.00,1
Jerry,ZOWIE EC2-CW,1000,800,1.3,1040.00,1
Infinite,Logitech G Pro X Superlight 2 Black,1000,400,2.2,880.00,1
mwlky,ZOWIE S2-DW Black,1000,400,2.3,920,1
flamie,VAXEE XE-S Wireless Black,2000,800,0.74,592.00,0.97
nocries,Logitech G Pro X Superlight 2 White,1000,800,1.15,920.00,1
jmqa,Lamzu Maya X Black,1000,800,1.35,1080,1
sterling,ZOWIE S2 Divina Pink,1000,400,2.20,880,1
Surreal,Logitech G Pro X Superlight Black,1000,400,1.60,640.00,0.8
almazer,WLMouse BEAST X Mini Black,1000,400,2.90,1160,1
ISSAA,Logitech G Pro X Superlight Black,1000,400,2,800.00,0.95
floppy,Lamzu Maya Black,8000,1600,0.6,960,1
LUCAS1,Logitech G Pro X Superlight 2 Magenta,2000,400,2.20,880,1
facecrack,ZOWIE EC3-CW,1000,400,1.725,690,1
Nicks,Logitech G Pro X Superlight 2 Black,1000,800,1,800.00,1
tatazin,Razer DeathAdder V4 Pro Green,1000,400,2.2,880,1
Jonji,Razer DeathAdder V4 Pro Black,1000,400,2.00,800,1
b4rtiN,Razer Viper V3 Pro Green,1000,400,2.2,880,1
choiv7,Razer Viper V3 Pro Green,1000,400,2.4,960,1
andr1x,Razer DeathAdder V4 Pro White,4000,800,1.15,920.00,1.2
sNx,Razer Viper V3 Pro Black,1000,400,1.78,712,1
awzek,Logitech G Pro X Superlight Black,1000,400,1.59,636,1.08
Freakazoid,VAXEE XE V2 Black,2000,800,0.825,660.00,0.8
baz,Ninjutso Sora V2 Black,1000,800,1.18,944.00,1.23
Znorux,NZXT Lift 2 Symm,1000,1600,0.5,800,1
Laski,ZOWIE EC2-CW,1000,800,0.795,636,1
JASONR,Logitech G Pro X Superlight Black,1000,800,0.92,736,0.9
brax,Razer DeathAdder V3 HyperSpeed,1000,400,1.25,600,1
n0thing,Logitech G100S Custom,500,1600,0.50,800,1
f0rest,Xtrfy MZ1 Wireless,1000,400,3.50,1400,1
hyper,ZOWIE EC2-DW Black,2000,1600,1.22,1952.00,1
FlipiN,Razer Viper V3 Pro Black,1000,800,1.30,1040,1
Thour,Razer DeathAdder V4 Pro White,1000,400,1.7,680.00,1
pashaBiceps,Razer DeathAdder V4 Pro Black,4000,400,2,800.00,1
v!NCHENSO7,Razer DeathAdder V4 Pro White,1000,800,1.1,880,1
fANDER,Logitech G Pro X Superlight 2 Black,2000,400,3.09,1236.00,1
jL,Logitech G Pro X Superlight 2 Magenta,4000,800,1,800,1
FURIOUSSS,Razer DeathAdder V4 Pro White,8000,400,2.5,1000.00,1.25
ErycTriceps,Lamzu Maya Black,1000,400,1.88,752,1
GeT_RiGhT,ZOWIE FK2-DW Black,1000,400,2.9,1160.00,1
ren,Logitech G Pro X Superlight 2 Black,2000,800,0.7,560.00,0.8
DiMKE,Razer Viper V3 Pro White,1000,400,1.8,720,1.2
