Player,Mouse Name,DPI,Sensitivity,eDPI,Zoom Sensitivity,Hz,Windows Sensitivity
donk,Logitech G Pro X Superlight Magenta,800,1.25,1000,1,1000,4
FalleN,ZOWIE EC1-DW Black,400,2.1,840.00,1,1000,6
huNter,Logitech G Pro X2 SUPERSTRIKE (Unreleased),800,1.25,1000.00,1,4000,6
HooXi,Razer Viper V3 Pro White,800,0.9,720.00,1,2000,6
GeT_RiGhT,ZOWIE FK2-DW Black,400,2.9,1160.00,1,1000,6
Senzu,Razer DeathAdder V3 HyperSpeed,400,3,1200,1.1,2000,6
malta,ZOWIE EC2-B Divina Pink,400,2.00,800,1.00,1000,5
SANJI,Xtrfy M4 Black,400,1.22,488,1.00,1000,6
kRYSTAL,Logitech MX518 HERO,800,1.50,1200,1.00,1000,6
ztr,ZOWIE EC2-DW Black,400,1.55,620.00,1.10,1000,6
kinqie,Logitech G Pro Wireless,800,1.25,1000,1.00,1000,6
summit1g,Razer Viper V3 Pro Faker Edition,400,1.80,720,1.00,500,6
lux,Razer DeathAdder V4 Pro Black,400,1.92,768.00,1.03,4000,6
cool4st,ZOWIE EC2 Black,400,2,800.00,1,1000,6
Jyo,Razer Viper V3 Pro Black,800,1.50,1200,1.00,1000,6
ableJ,ZOWIE S2 Divina Pink,800,0.90,720,1.00,1000,6
es3tag,Logitech G Pro X Superlight Black,800,1.4,1120,1,1000,6
refrezh,Razer Viper V3 Pro Black,400,1.8,720.00,1.00,2000,6
mwlky,ZOWIE S2-DW Black,400,2.3,920,1,1000,6
Jamppi,VAXEE E1 Wireless Red,N/A,N/A,N/A,N/A,N/A,N/A
bajmi,Razer Viper V3 Pro Black,1600,0.4,640,1.1,2000,6
WOOD7,ZOWIE EC2-CW,800,1.25,1000,1,4000,6
nython,Logitech G Pro X Superlight Black,800,1.2,960,1.1,1000,6
pyth,ZOWIE EC2-CW,400,2.20,880,1,1000,6
b0RUP,ZOWIE EC2-CW,400,2.00,800,1.00,1000,6
TACO,VAXEE XE V2 Black,400,1.6,640,1.00,1000,6
nawwk,Logitech G Pro X Superlight 2 Magenta,400,2.7,1080.00,1.00,2000,6
friberg,SteelSeries Prime Wireless,800,1,800.00,1.00,1000,6
arT,Razer Deathadder V3 Pro Black,800,2.55,2040.00,1.2,4000,6
buster,Logitech G Pro X Superlight 2 White,400,2.20,880,1.00,2000,6
mantuu,Razer Deathadder V3 Pro Black,400,2.10,840,1.00,1000,7
maxster,ZOWIE EC1-CW,800,0.68,544,0.8,1000,6
AJTT,Logitech G Pro Wireless,400,1.9,760,1,1000,6
Thomas,ZOWIE EC2-C,400,1.45,580,1,1000,6
S3NSEY,Pulsar Xlite V3 Es Black,400,2,800,1,1000,6
sense,Razer Viper V3 Pro Black,800,1,800,1,1000,6
cJ dA K1nG,N/A,N/A,N/A,N/A,N/A,N/A,N/A
t9rnay,Logitech G Pro X Superlight 2 Magenta,400,2,800.00,1,1000,6
podi,Logitech G Pro X Superlight 2 Black,800,1.225,980.00,1,1000,6
Nami,Razer DeathAdder V4 Pro Black,400,1.45,580,1,4000,6
Trucklover86,Finalmouse Ultralight X Large,400,1.7,680.00,1,1000,6
L00m1,Error,,,,,,
nettik,ZOWIE EC2-DW Black,400,2,800.00,0.8,1000,6
xiELO,Logitech G Pro X Superlight 2 Magenta,400,2.3,920.00,0.9,1000,6
nut nut,Logitech G Pro X Superlight Black,800,0.7,560.00,1.3,1000,6
Levi,N/A,Unknown,Unknown,Unknown,Unknown,Unknown,Unknown
nota,Logitech G Pro X Superlight 2 White,800,0.95,760.00,1,4000,6
xerolte,Razer Deathadder V3 Pro Black,400,2.3,920.00,1,1000,6
yungher,Razer DeathAdder V3 HyperSpeed,400,2.6,1040.00,1,4000,6
Qiyarah,Razer DeathAdder V4 Pro Black,800,0.7,560.00,1.49,1000,6
electronic,Pulsar Xlite V4 Es,400,2.2,880.00,1,1000,6
kscerato,Logitech G Pro X2 SUPERSTRIKE (Unreleased),800,1.25,1000.00,1,2000,5
MAJ3R,Logitech G Pro X Superlight White,800,1.66,1328.00,1,500,6
torzsi,Razer DeathAdder V3 HyperSpeed,800,1.00,800,1,1000,6
Dosia,VAXEE XE Wireless Black,400,2.5,1000.00,1.00,1000,6
maty,Razer Viper V3 Pro Black,400,1.7,680,1.036211,1000,6
denis,VAXEE ZYGEN NP-01,400,1.60,640,0.70,1000,6
Edward,Logitech G Pro X Superlight Black,400,1.90,760,1.00,1000,6
CRUC1AL,ZOWIE EC2-CW,400,2.50,1000,1.00,500,6
s1n,ZOWIE FK2-DW Black,800,0.9,720.00,1,1000,6
erkaSt,Logitech G Pro X Superlight Black,400,2.2,880,1.00,1000,6
skullz,ZOWIE U2-DW Black,400,2,800.00,1,4000,6
innocent,Lamzu Maya X Black,800,0.90,720,1.00,4000,6
DeStiNy,Razer Viper V3 Pro Green,400,2.00,800,1.00,1000,6
Tapewaare,Pulsar ZywOo The Chosen Mouse Black,800,1,800.00,0.9,1000,6
Chawzyyy,Logitech G Pro X Superlight 2 Black,800,0.68,544,0.64,1000,6
Banjo,VAXEE E1 Wireless Black,800,1,800,1,1000,6
KENSI,Logitech G Pro X Superlight 2 Magenta,800,1.1,880.00,1,2000,6
NAF,Logitech G Pro X Superlight 2 White,800,0.8,640.00,0.80,4000,6
slaxz-,Finalmouse Ultralight X Prophecy Clix Small,800,0.95,760.00,1,2000,6
Tuurtle,Razer DeathAdder V4 Pro Black,400,1.5,600,1,4000,6
fox,VAXEE XE Wireless Blue,400,4.70,1880,1.00,1000,6
SicK,Logitech G900,N/A,N/A,N/A,N/A,N/A,N/A
mirbit,Logitech G Pro X Superlight Black,800,0.90,720,1.00,1000,6
Wolfy,Logitech G Pro X Superlight Black,400,1.85,740,1.00,1000,6
prt,ZOWIE EC2 Black,400,2.00,800,1.00,1000,6
lollipop21k,Logitech G Pro X Superlight 2 Magenta,800,1.25,1000,0.80,2000,6
maden,Razer DeathAdder V3 HyperSpeed,800,2,1600,1.17,4000,4
nafany,Razer Viper V3 Pro White,800,1,800.00,1,1000,6
Bymas,Logitech G Pro X Superlight 2 Dex Black,800,1.25,1000.00,1.00,2000,6
Neityu,Razer Deathadder V3 Pro Black,800,1.15,920.00,1,4000,6
FreeZe,Error,,,,,,
tatazin,Razer DeathAdder V4 Pro Green,400,2.2,880,1,1000,6
alex666,Logitech G Pro X Superlight Black,400,2,800.00,1,1000,6
tAk,Razer Deathadder V3 Pro White,400,2,800,1.1,1000,6
glowiing,Razer Viper V3 Pro White,800,1,800.00,1,4000,6
synyx,Logitech G Pro X Superlight 2 Black,800,1.1,880,1,2000,6
Markeloff,Logitech G Pro X Superlight 2 Black,400,1.75,700.00,0.8,4000,6
Xant3r,Logitech G Pro X Superlight 2 Black,800,2,1600.00,1,1000,6
ohnepixel,Logitech G203,1600,0.45,720.00,1,1000,6
Lake,Logitech G Pro X Superlight Black,800,1.25,1000.00,1,1000,6
aidKiT,Razer DeathAdder V4 Pro Black,1600,0.45,720.00,0.7,1000,6
jackasmo,Logitech G Pro X Superlight 2 Magenta,400,2.5,1000.00,1,4000,6
Blytz,Razer Viper V2 Pro Black,800,0.9,720.00,1,1000,6
righi,VAXEE OUTSET AX Wireless Pink,400,1.7,680.00,1,1000,6
PR,Razer Viper V3 Pro Black,400,1.58,632,1,1000,6
notineki,Logitech G Pro X Superlight 2 Black,800,1.15,920.00,1,1000,6
myltsi,Logitech G Pro X Superlight 2 Black,800,1.1,880,1,1000,6
Drop,Logitech G Pro X Superlight 2 Black,400,2.3,920.00,1.00,2000,6
ZywOo,Pulsar ZywOo The Chosen Mouse Black,400,1.8,720.00,0.8,1000,6
YEKINDAR,ZOWIE EC2-DW Grey (Unreleased),800,1.2,960.00,1.00,1000,6
Spinx,ZOWIE EC2-DW Grey (Unreleased),800,1.23,984.00,1.00,1000,6
Brollan,ZOWIE EC2-DW Black,800,1.3,1040,1,2000,6
smooya,Razer DeathAdder V4 Pro Black,400,1.80,720,1.14,1000,6
chelo,Pulsar Xlite V3 Es Black,400,4,1600.00,1.00,1000,6
stanislaw,Logitech G Pro X Superlight 2 Black,400,2.50,1000,0.80,4000,6
Sonic,N/A,N/A,N/A,N/A,N/A,N/A,N/A
ISSAA,Logitech G Pro X Superlight Black,400,2,800.00,0.95,1000,6
SIXER,Razer DeathAdder V3 HyperSpeed,800,0.8,640.00,1.00,4000,6
kory,Logitech G Pro X Superlight Black,800,1.5,1200,1,1000,6
S0TF1k,Logitech G Pro X Superlight Black,800,0.95,760,1.00,1000,6
mertz,Razer Viper V3 Pro Black,400,2.3,920.00,1,8000,6
Efire,N/A,Unknown,Unknown,Unknown,Unknown,Unknown,Unknown
Radifaction,ZOWIE ZA11-B,800,0.925,740,1.10,1000,6
AmaNEk,Logitech G Pro X Superlight Black,800,1.55,1240,0.818933027098955,1000,6
misutaaa,Razer Deathadder V3 Pro White,400,1.35,540,1,4000,6
junior,Razer DeathAdder V3 Pro Faker Edition,400,3.1,1240,1.00,1000,6
ksloks,Razer DeathAdder V4 Pro Black,800,1.1,880.00,1,1000,6
jedqr,ZOWIE ZA11-B,800,1.5,1200,1,1000,6
TMKj,Logitech G Pro X Superlight 2 Black,800,1.25,1000.00,1,1000,6
autimatic,Razer Deathadder V3 Pro Black,800,1.125,900,0.9,2000,6
Olaie,Razer DeathAdder V4 Pro Black,3200,0.25,800.00,1,1000,6
steel,Razer Viper V3 Pro Black,800,1.30,1040,1,1000,6
Attacker,ZOWIE S2-DW Black,400,1.7,680.00,1.00,1000,6
shokz,ZOWIE EC2 Black,1600,0.43,688,0.9,1000,6
sLowi,Logitech G Pro X Superlight 2 Magenta,400,3.20,1280,0.82,2000,6
beastik,VAXEE E1 Wireless Red,400,1.2,480.00,1.10,1000,6
nin9,Razer DeathAdder V4 Pro Black,400,1.9,760.00,1,1000,6
Valde,Logitech G Pro X Superlight 2 Black,400,1.65,660,1.00,1000,6
twist,Razer Viper V3 Pro Faker Edition,400,2.00,800,1.00,1000,6
hyped,Logitech G Pro X Superlight 2 Black,800,1,800.00,1,2000,6
hasteka,Logitech G Pro X Superlight Black,400,1.9,760,1,1000,6
Chr1zN,Logitech G Pro X Superlight Black,800,0.83,664.00,1.1,1000,6
salazar,Pulsar JV-X,400,2.35,940,1,4000,6
Chay,Logitech G Pro X Superlight 2 Dex Magenta,800,1.5,1200.00,1,1000,6
spooke,Razer Viper V3 Pro Black,800,0.9,720,1,1000,6
Kind0,ZOWIE EC2-CW,400,1.85,740,1,1000,6
Sukker,N/A,400,3.05,1220,0.9,1000,6
devils274,Razer Deathadder V3 Pro Black,400,2.15,860.00,1,1000,6
DGL,Logitech G Pro X Superlight Magenta,400,2.5,1000.00,1,1000,6
robo,N/A,800,1.4,1120.00,1,1000,6
Cryptic,Pulsar X2 V2 Black,1600,0.4425,708.00,1,1000,6
zock,Logitech G Pro X Superlight 2 Dex White,400,1.9,760.00,1,1000,6
weqt2,Razer Deathadder V3 Pro Black,400,2,800.00,1,1000,6
pr,Razer Viper V3 Pro Black,400,1.58,632,1,1000,6
PR1mE,Razer DeathAdder V4 Pro Green,400,1.3,520.00,1,1000,6
ToM223,Logitech G Pro X Superlight 2 Black,800,1.2,960,1,1000,6
discoStar,Razer DeathAdder V4 Pro Black,800,0.75,600,1,4000,6
Ayteel,Razer DeathAdder V4 Pro Black,800,1.15,920.00,1,2000,6
sh1ro,ZOWIE U3-DW Black (Unreleased),800,1.04,832.00,1,2000,6
hades,VAXEE NP-01S Ergo Malt Brown,400,2.15,860.00,1.00,2000,6
arrozdoce,Logitech G Pro X Superlight 2 Black,800,1,800.00,1,2000,6
Lobanjica,ZOWIE EC1 Tyloo,800,1.70,1360,1.00,1000,6
felps,ZOWIE EC2-CW,400,2.00,800,1.00,1000,6
Walco,Logitech G Pro X Superlight Black,400,1.55,560,1,1000,6
mds,Logitech G Pro X Superlight Black,400,2.01,804,1.00,1000,6
doto,Logitech G Pro X Superlight White,800,0.72,576,1.00,1000,6
Draken,Razer Deathadder V3 Pro White,400,1.95,780,1,1000,6
Smithzz,VAXEE OUTSET AX Yellow,400,1.88,752,0.80,1000,6
RpK,ZOWIE S2 Divina Blue,400,1.35,540,1.00,1000,6
MartinezSa,Logitech G Pro X Superlight 2 White,400,2,800.00,1,2000,6
controlez,VAXEE XE V2 Black,400,1.5,600.00,1,1000,6
zevy,Logitech G Pro X Superlight Magenta,800,1.6,1280,1.00,1000,6
MarkE,Ninjutso Sora V2 White,800,1.00,800,1.00,1000,6
Fazery,Logitech G Pro X Superlight 2 Black,400,1.8,720.00,1,1000,6
isak,Logitech G Pro X Superlight 2 White,800,0.855,684.00,1,8000,6
RUSH,Razer Viper V3 Pro White,800,1.3,1040,1,1000,6
max,VAXEE XE V2 Pink,800,1,800,1,2000,6
Norwi,Razer Deathadder V3 Pro White,400,1.2,480.00,1,4000,6
maNkz,Razer Viper V3 Pro White,800,1.15,920,1,1000,6
Beccie,N/A,400,1.6,640.00,0.797662,1000,6
ANGE1,Logitech G Pro X Superlight 2 Black,N/A,N/A,N/A,N/A,N/A,N/A
Krad,ZOWIE U2,800,1.1,880.00,1.00,1000,6
hAdji,Razer Viper V3 Pro White,400,2.00,800,1.00,4000,6
trk,ZOWIE FK1-C,400,2.20,880,1.00,1000,6
mchk,Logitech G Pro X Superlight 2 Dex White,400,2.2,880,1,2000,6
Luken,VAXEE ZYGEN NP-01S Wireless Blue,800,1.1,880.00,1.00,4000,6
Liazz,ZOWIE EC2-CW,800,0.95,760,1,500,6
acoR,Razer Viper V3 Pro White,400,2.02,808.00,0.9,2000,6
xsepower,ZOWIE EC2-CW,400,2.20,880,1.00,500,6
Moseyuh,ZOWIE S2-DW Glossy,800,1.27,1016.00,1,1000,6
PANIX,Razer Deathadder V3 Pro Black,400,2,800,1,1000,6
advent,ZOWIE EC2-CW,800,1.2,960.00,1,1000,6
Dementor,Razer Viper V3 Pro Black,400,2,800,1,1000,6
ponter,Logitech G Pro X Superlight 2 Magenta,400,1.35,540,1,1000,6
n1Xen,Razer Viper V3 Pro Black,800,1.425,1140.00,1,1000,6
Noktse,VAXEE OUTSET AX Wireless Orange,800,1.19,952,1,1000,6
SaMey,Logitech G Pro X Superlight 2 White,400,2.3,920.00,1,1000,6
adeX,VAXEE NP-01S Pink,800,1.0977,878.16,1,1000,6
andr1x,Razer DeathAdder V4 Pro White,800,1.15,920.00,1.2,4000,6
Dytor,Razer Viper V3 Pro White,400,1.45,580,1,1000,6
HENU,Logitech G Pro X Superlight 2 Magenta,400,3.09,1236.00,1,4000,6
dem0n,Logitech G Pro X Superlight 2 Black,800,0.7,560,1,4000,6
reversive,ZOWIE EC1-CW,400,1.6,640.00,1,1000,6
nicx,Logitech G300S,1000,1.4,1400,1,1000,6
OKOLICIOUZ,ZOWIE FK2-DW Black,450,1.55,697.50,1,1000,10
fREQ,Razer DeathAdder V4 Pro Black,400,1.7,680,1,2000,6
sh3nanigan,Logitech G Pro X Superlight 2 Dex Black,400,1.7,680.00,1.02,8000,6
rain,Razer Viper V3 Pro Faker Edition,800,0.95,760.00,1,1000,6
woxic,Razer Viper V3 Pro Dragon Lore Edition,1600,1,1600.00,1.00,8000,6
noway,Razer DeathAdder V4 Pro White,400,2,800.00,1,1000,6
nukkye,Razer Viper V3 Pro Dragon Lore Edition,400,2,800,1,1000,6
GuardiaN,Xtrfy M64,400,1.50,600,1.20,1000,6
Lucky,ZOWIE U2-DW Black,800,1,800.00,1.10,1000,6
balblna,ZOWIE EC1-A,400,3.00,1200,1.00,1000,6
MICHU,VAXEE E1 Wireless Blue,800,0.535,428.00,0.85,1000,6
Surreal,Logitech G Pro X Superlight Black,400,1.60,640.00,0.80,1000,6
ngiN,Razer Deathadder V3 Pro Black,N/A,N/A,N/A,N/A,N/A,N/A
Zeus,ZOWIE FK2,1600,0.43,688,1.00,1000,6
Kaze,Pulsar Xlite V4 Es,400,2,800.00,1,2000,6
Lucaozy,Logitech G Pro X Superlight 2 Magenta,400,2,800,0.75,1000,6
shz,Razer DeathAdder V4 Pro Black,400,1.25,500,1.00,1000,6
SHOOWTiMe,Razer Viper V3 Pro Green,400,1.90,760,1.00,1000,6
BOROS,ZOWIE S2-C,400,1.7,680,1,1000,6
Zero,ZOWIE S1,800,0.95,760,1,1000,6
Brehze,Razer DeathAdder V4 Pro Green,400,3,1200,1,1000,6
rox,VAXEE ZYGEN NP-01S Glossy,800,2.2,1760,1.1,1000,6
raalz,ZOWIE EC1-CW,400,1.6,640,1,1000,6
Daffu,N/A,Unknown,Unknown,Unknown,Unknown,Unknown,Unknown
ninjaZ,Lamzu Maya X Black,1600,0.625,1000.00,1,2000,6
FNS,Razer Viper V3 Pro White,N/A,N/A,N/A,N/A,N/A,N/A
Lack1,Pulsar Xlite V3 Es White,400,1.37,548.00,1.00,1000,6
mopoz,ZOWIE FK1+,400,1.4,560,1.00,1000,6
Maluk3,SteelSeries Sensei Ten,400,2.00,800,0.78,1000,6
Griller,Razer Viper V3 Pro White,800,0.95,760.00,1,1000,6
Snappi,ZOWIE EC2-DW Glossy,400,1.95,780,1.00,4000,6
xfl0ud,Pulsar Xlite V3 Es Black,800,0.97,776.00,1.00,1000,6
rmn,Logitech G Pro X Superlight 2 White,400,1.28,512,1.00,2000,6
history,Logitech G Pro X Superlight 2 Magenta,400,2,800,1,1000,6
n9xtz,Logitech G Pro X Superlight Magenta,400,3.5,1400,1,1000,6
lcf,Logitech G Pro X Superlight White,400,1.82,728,1,1000,6
SELLTER,Logitech G Pro X Superlight 2 White,400,1.8,720.00,1,2000,6
DEPRESHN,Razer DeathAdder V4 Pro Green,800,1.3,1040,1,4000,7
matios,Razer Viper V3 Pro Black,400,1.51,604.00,1,4000,6
Sapec,VAXEE ZYGEN NP-01S,800,1.13,904.00,1,1000,6
pHoonyJ,Razer Viper V3 Pro Black,400,2.1,840,1,4000,6
jottAAA,ZOWIE EC2-DW Black,400,3.4,1360.00,1,1000,6
flying,ZOWIE S2,400,1.55,620,1,1000,6
Impulse,Razer Viper V3 Pro White,800,1.05,840,1.15,1000,6
AMSALEM,N/A,800,1.3,1040.00,1,1000,10
jambo,Logitech G Pro X Superlight 2 Black,800,1,800.00,1,4000,6
cmtry,Logitech G Pro X Superlight 2 Black,800,0.7,560,1,1000,6
deco,Logitech G Pro X Superlight 2 Magenta,800,0.75,600.00,1,1000,6
cxzi,Logitech G Pro X Superlight Black,800,0.75,600.00,1,1000,6
FenomeN,Logitech G Pro X Superlight 2 Black,400,3.09,1236.00,1,1000,6
AdrieN,Logitech G Pro X Superlight 2 Black,1600,0.5,800,1,2000,6
hayanh,Logitech G Pro X Superlight 2 Black,800,1,800,1,2000,6
m0NESY,Logitech G Pro X Superlight 2 Black,400,2.3,920.00,1,2000,6
yay,Logitech G Pro X Superlight 2 Black,N/A,N/A,N/A,N/A,N/A,N/A
Aleksib,Logitech G Pro X Superlight Red,800,1.06,848.00,1,1000,6
skywhywalker,Ninjutso Sora V2 Black,1600,1.25,2000.00,1,1000,6
mzinho,Logitech G Pro X Superlight 2 Black,400,2.5,1000.00,1,2000,6
Goofy,Logitech G Pro X Superlight 2 White,800,1.2,960.00,1,2000,6
Nifty,Logitech G Pro X Superlight Black,400,2.20,880,1.00,500,6
Bubzkji,ZOWIE EC2-CW,800,0.8,640,1.00,1000,6
hutji,ZOWIE ZA12,800,1.10,880,1.00,1000,6
stfN,Glorious Model O White,400,2.30,920,1.00,1000,Unknown
svyat,Cooler Master MM530,1200,0.625,750,0.80,1000,6
Rock1nG,Logitech G Pro X Superlight White,400,1.8,720,1,1000,6
Jeorge,Razer Viper V3 Pro Faker Edition,800,1.25,1000.00,1,1000,6
b1elany,Razer Viper V3 Pro Black,1600,0.4,640.00,1,4000,6
Ramz1k,ZOWIE EC2-B,400,2.90,1160,1.00,1000,6
EMSTAR,Rampage Blitz Ultimate 8K,800,1.25,1000.00,1,4000,6
miksozzz,Razer DeathAdder V4 Pro White,400,2.5,1000,1,4000,6
JT,ZOWIE EC3-DW Glossy,400,2.8,1120.00,1.00,1000,6
keis,Logitech G Pro X Superlight 2 Black,800,1.25,1000,1,1000,5
Furlan,Razer Deathadder V3 Pro Black,800,1.3,1040,1,1000,6
Icarus,Razer Viper V3 Pro Black,800,1.1,880,1,4000,6
kraghen,VAXEE XE V2 Black,800,1,800.00,1,2000,6
clockzi,Logitech G Pro X Superlight 2 Black,400,2.2,880.00,1,4000,6
dimasick,Razer Deathadder V3 Pro Black,N/A,N/A,N/A,N/A,N/A,N/A
sterling,ZOWIE S2 Divina Pink,400,2.20,880,1.00,1000,6
b4rtiN,Razer Viper V3 Pro Green,400,2.2,880,1.00,1000,6
Kvik,Logitech G Pro X Superlight Black,400,1.40,560,1.00,1000,6
leo_drk,Pulsar Xlite Wireless,800,0.9,720.00,1.12,1000,6
fnx,Logitech G Pro X Superlight 2 Black,400,2.4,960.00,1.1,500,6
degster,Logitech G Pro X Superlight 2 White,400,2.75,1100.00,1.00,4000,6
SHOCK,ZOWIE EC2-CW,400,1.2,480.00,0.80,1000,6
Bart4k,Logitech G Pro X Superlight Red,400,1.5,600.00,1,1000,6
Rutk0,Logitech G Pro X Superlight Black,800,1.65,1320,1,1000,6
Artfr0st,Logitech G Pro X Superlight 2 Magenta,800,1.49,1192,1,2000,6
sstiNiX,Logitech G Pro X Superlight 2 Black,400,2.869,1148,1,500,6
austin,Logitech G Pro X Superlight 2 Dex Magenta,400,1.8,720.00,1.2,4000,6
Anlelele,Razer Viper V3 Pro Black,800,1.35,1080,1,1000,6
Xicoz,Razer DeathAdder V4 Pro Black,1600,0.70,1120,1,1000,6
Gizmy,Logitech G Pro X Superlight Red,800,1.25,1000.00,1,1000,6
chudy,Razer DeathAdder V4 Pro Black,800,0.9,720,1,2000,5
poiii,Razer Viper V3 Pro White,800,0.89,712.00,1,4000,6
kyousuke,Logitech G Pro X Superlight 2 Magenta,800,1.28,1024.00,1,1000,6
venomzera,VAXEE XE-S Wireless Pink,800,1.2,960.00,1.2,1000,6
piriajr,VAXEE XE V2 Black,800,2,1600,1,1000,6
SPELLAN,Razer Viper V3 Pro White,800,2,1600,1,1000,6
M1key,N/A,Unknown,Unknown,Unknown,Unknown,Unknown,Unknown
xelex,Logitech G Pro X Superlight 2 Magenta,400,1.8,720.00,1,1000,6
cobra,Logitech G Pro X Superlight 2 Magenta,400,1.4,560.00,1,1000,6
GaBi,ZOWIE EC1-CW,800,0.73,584.00,1,1000,6
aiM,Razer DeathAdder V4 Pro Black,1000,1,1000.00,1,1000,6
NiKo,Razer DeathAdder V4 Pro White,800,0.7,560.00,1,1000,6
D0cC,Razer DeathAdder V4 Pro Black,800,1,800.00,1,2000,6
Wicadia,Logitech G Pro X Superlight 2 Black,800,1.8,1440.00,1,4000,6
nexa,Logitech G Pro X Superlight 2 Magenta,800,1.25,1000.00,1.00,1000,6
SunPayus,Logitech G Pro X2 SUPERSTRIKE (Unreleased),400,2.2,880.00,0.90,2000,6
z4kr,ZOWIE U2-DW Glossy,400,2.3,920.00,1,4000,6
Maniac,Logitech G Pro X Superlight Black,800,1.05,840,1.00,1000,6
USTILO,Logitech G Pro X Superlight Black,800,1.20,960,1.00,1000,6
bit,Razer DeathAdder V4 Pro White,400,2.30,920,1.00,1000,6
DemQQ,Logitech G Pro X Superlight White,800,1,800.00,1,1000,6
Jackinho,Lamzu Maya X Purple Shadow,1600,0.425,680.00,1.00,1000,6
TMB,ZOWIE EC3-C,800,0.9,720,1,1000,6
seangares,HyperX Pulsefire Haste,N/A,N/A,N/A,N/A,N/A,N/A
iDISBALANCE,Logitech G Pro X Superlight 2 White,800,1.35,1080.00,1.00,2000,6
Znorux,NZXT Lift 2 Symm,1600,0.5,800,1.00,1000,6
mir,Logitech G Pro X Superlight 2 Dex Black,400,1.9,760.00,0.80,1000,6
aragornN,Logitech G Pro X Superlight 2 Dex Magenta,400,1.35,540.00,1,8000,6
Grim,VAXEE XE V2 White,800,0.72,576,1.00,2000,6
CeRq,ZOWIE EC2 RED V2,400,2.2,880,0.8,1000,6
s1ren,Logitech G Pro X Superlight 2 White,800,1.2,960.00,1.16,2000,6
snapy,Razer Viper V3 Pro Black,800,1.25,1000,1,1000,10
Python,ZOWIE EC2-C,400,1.15,460,1,1000,6
headtr1ck,Logitech G Pro X Superlight White,400,2.3,920,1,1000,6
vice,Logitech G Pro Wireless,N/A,N/A,N/A,N/A,N/A,N/A
Summer,Lamzu Maya Doodle,400,2.00,800,0.95,8000,6
anarkez,Pulsar ZywOo The Chosen Mouse Black,500,3,1500,1.00,1000,6
jmqa,Lamzu Maya X Black,800,1.35,1080,1.00,1000,6
ZEDKO,VAXEE ZYGEN NP-01S V2 Wireless Deep Blue,800,0.49,392,0.50,1000,6
Sico,ZOWIE EC2-B,400,1.8,720,1,1000,6
syrsoN,Logitech G Pro X Superlight 2 Dex Magenta,1600,0.92,1472,1,2000,6
Lekr0,VAXEE XE V2 Black,800,1.00,800,0.59,1000,6
Maze,Razer DeathAdder V4 Pro Black,400,2.1,840,1.2,1000,6
red,VAXEE OUTSET AX,800,0.8,640,1,1000,6
MaiL09,Logitech G Pro X2 SUPERSTRIKE (Unreleased),800,0.7,560,1,2000,6
Patti,Logitech G Pro X Superlight 2 White,400,1.4,560,1,2000,6
Dragon,Razer DeathAdder V4 Pro White,400,1.5,600,1,2000,6
sL1m3,Razer Viper V3 Pro White,800,0.75,600.00,2,4000,6
Tauson,VAXEE OUTSET AX Wireless Yellow,400,1.75,700.00,1,4000,6
BELCHONOKK,Logitech G Pro X Superlight 2 White,800,1.1,880.00,1,1000,6
s0und,ZOWIE U2,800,1,800.00,1,1000,6
casey,VAXEE E1 Wireless Black,Unknown,Unknown,Unknown,Unknown,Unknown,Unknown
Mokuj1n,Logitech G Pro X Superlight 2 Black,800,1.3,1040.00,1,1000,6
afufu,N/A,Unknown,Unknown,Unknown,Unknown,Unknown,Unknown
luchov,Logitech G Pro X Superlight 2 Black,800,1,800.00,1,1000,6
SALO_MUX,ZOWIE EC1-A,800,1.75,1400.00,1,1000,6
wastzera,Fallen Gear Pantera Pro Wireless Preto,800,1.1,880.00,1,1000,6
twenty3,VAXEE XE Wireless Pink,400,2.1,840,1,1000,6
hfah,N/A,400,1.4,560.00,1,1000,6
OLGA,ZOWIE U2,400,1.94,776,1,4000,6
Kunai,Razer DeathAdder V4 Pro Green,400,1.8,720.00,1,2000,5
TenZ,Pulsar TenZ Signature Edition,N/A,N/A,N/A,N/A,N/A,N/A
EliGE,Logitech G Pro X Superlight 2 Black,1600,0.74,1184,0.8,2000,6
Jimpphat,Finalmouse Ultralight X Sakura,400,2,800.00,1,1000,6
biguzera,ZOWIE EC1-DW Grey (Unreleased),400,1.75,700.00,1.00,1000,6
hallzerk,VAXEE E1 Wireless White,400,2.5,1000.00,1.00,4000,6
DD,ZOWIE S2 Divina Pink,400,3.09,1236,1.20,1000,6
wiz,Logitech G Pro X Superlight Black,800,1.2,960,1,1000,6
AdreN,N/A,N/A,N/A,N/A,N/A,N/A,N/A
waterfaLLZ,ZOWIE EC2-A,1600,0.90,1440,1.00,1000,6
clax,Razer Deathadder V3 Pro White,400,2.20,880,1.00,1000,Unknown
DavCost,SteelSeries Rival 300,800,1.10,880,1.00,1000,6
StRoGo,Logitech G Pro X Superlight 2 Black,800,1.15,900,1,1000,6
sausol,Pulsar Xlite V3 Es Red,800,1.2,880,1,1000,6
jemi,Razer DeathAdder V2,400,1.4,560,1,1000,6
Queenix,ZOWIE EC2-DW Black,400,2.25,900.00,1,4000,6
t0rick,Logitech G Pro Wireless,800,1.10,880,1.00,1000,6
NickyB,Logitech G Pro X Superlight 2 Magenta,400,2.1,840.00,1,4000,6
tabseN,WLMouse BEAST X Mini Magnesium,800,0.9,720.00,1.10,1000,6
Xyp9x,Razer Viper V3 Pro Black,400,2,800,1,500,6
ultimate,Logitech G Pro X Superlight 2 Black,400,1.81,724.00,1,4000,6
Matheos,Logitech G Pro X Superlight 2 Dex Black,1600,0.6269,1003.04,1,4000,6
BnTeT,SteelSeries Sensei Ten,810,1.10,668.25,1.1,1000,5
phaze,Razer Viper V3 Pro Black,400,2.2,880,1,4000,6
Zellsis,Razer Viper V3 Pro Sentinels Edition,N/A,N/A,N/A,N/A,N/A,N/A
dream3r,N/A,Unknown,Unknown,Unknown,Unknown,Unknown,Unknown
pashaBiceps,Razer DeathAdder V4 Pro Black,400,2,800.00,1,4000,6
Keoz,VAXEE OUTSET AX Wireless Yellow,400,2.0608,824.32,1.00,1000,6
HEAP,VAXEE ZYGEN NP-01S V2 Wireless Deep Blue,400,1.45,580,1.30,1000,6
Hatz,ZOWIE EC2 Black,800,1.00,800,1.00,1000,6
FL1T,Logitech G Pro X Superlight 2 Magenta,1600,0.425,680.00,1.00,8000,6
oskar,Razer DeathAdder Chroma,400,3.50,1400,0.80,1000,6
r1nkle,Logitech G Pro X Superlight 2 Black,800,1.33,1064.00,0.999,1000,6
MisteM,Razer Viper V3 Pro Faker Edition,400,1.33,532,1,1000,5
gokushima,Logitech G Pro X Superlight 2 Black,800,1.6,1280.00,1.25,2000,6
br0,Razer Viper V3 Pro Faker Edition,800,1.3,1040.00,0.7,1000,6
HUASOPEEK,Razer Viper V3 Pro Green,800,0.76,608.00,1,1000,6
nosraC,Razer Viper V3 Pro White,400,1.6,540,1,1000,6
VLDN,Logitech G Pro X Superlight Black,800,1,800,1,1000,6
reiko,N/A,Unknown,Unknown,Unknown,Unknown,Unknown,Unknown
esenthial,Logitech G Pro X Superlight 2 White,800,1,800.00,1,1000,6
SYPH0,ZOWIE U2,800,1.13,904.00,1,1000,6
illya,Razer Viper V3 Pro White,400,1.91,764.00,1,1000,6
ADDICT,VAXEE OUTSET AX Wireless Black,400,1.41,564.00,1,1000,6
easy,Logitech G Pro X Superlight 2 Black,400,3.09,1236.00,1,1000,6
dziugss,Logitech G Pro X Superlight 2 Black,400,2,800,1,1000,6
Pechyn,N/A,Unknown,Unknown,Unknown,Unknown,Unknown,Unknown
Burmylov,Logitech G Pro X Superlight 2 Black,800,1.13,904.00,1,4000,6
zAAz,ZOWIE EC3-DW Black,400,1.7,680,1,1000,6
Dani,Razer Viper V3 Hyperspeed,800,0.94,752,1,1000,6
Zana,Razer Viper V3 Pro Black,800,1.42,1136.00,1,1000,10
ropz,Razer DeathAdder V3 HyperSpeed,400,1.77,708,1,8000,6
magixx,Logitech G Pro X Superlight 2 Black,400,1.5,600.00,1,2000,6
chopper,VAXEE ZYGEN NP-01S V2 Wireless Pink,400,1.4,560.00,0.80,1000,6
Starry,Logitech G Pro X Superlight 2 Magenta,400,1.45,580.00,1,2000,6
yuurih,Razer Viper V3 Pro White,800,1.25,1000.00,1,1000,6
910,Logitech G Pro X Superlight 2 White,800,1,800.00,1,1000,6
Buzz,N/A,N/A,N/A,N/A,N/A,N/A,N/A
fl0m,SteelSeries Prime Wireless,800,1.50,1200,1.00,1000,6
KrizzeN,Xtrfy M4 Black,400,2.20,880,1.00,1000,7
almazer,WLMouse BEAST X Mini Black,400,2.90,1160,1.00,1000,6
jR,ZOWIE EC1-B,800,1.00,800,1.00,1000,6
kyuubii,Razer Viper V3 Pro White,800,1.2,960.00,1,4000,6
DEVIL,SteelSeries Sensei RAW,810,0.67,567,1.00,1000,6
mASKED,Razer DeathAdder V4 Pro Green,400,1.61,644.00,1,1000,6
jnt,Logitech G Pro X Superlight Black,400,2.20,880,1.00,1000,6
Krimbo,Razer DeathAdder V4 Pro Black,400,2.1,840.00,1,1000,6
Fessor,VAXEE OUTSET AX Wireless Orange,800,1,800.00,1,4000,6
Jerry,ZOWIE EC2-CW,800,1.3,1040.00,1.00,1000,6
tO0RO,Razer DeathAdder V3 HyperSpeed,500,2.3,1150.00,1,1000,6
Marix,Razer Deathadder V3 Pro Black,1600,0.35,560,0.82,4000,6
FASHR,ZOWIE EC2-CW,800,1.00,800,1.00,1000,6
JASONR,Logitech G Pro X Superlight Black,800,0.92,736,0.90,1000,6
NucleonZ,Dark Project Novus SE,800,1.375,1100.00,1.15,1000,6
s0m,Logitech G Pro X Superlight 2 White,N/A,N/A,N/A,N/A,N/A,N/A
Boye,Sprime PM1,400,1.6,640.00,1,1000,7
n0thing,Logitech G100S Custom,1600,0.50,800,1.00,500,6
xseveN,VAXEE ZYGEN NP-01S,800,0.90,720,1.00,1000,6
sdy,Razer Viper V3 Pro White,800,1,800,1,4000,6
saffee,Razer Viper V3 Pro White,800,1,800.00,1.00,4000,6
AZR,Razer DeathAdder V4 Pro Green,400,2.40,960,1.00,1000,5
arki,VAXEE OUTSET AX,800,1.11,888,1.00,1000,6
lattykk,Logitech G Pro X Superlight 2 Magenta,1600,0.9,1440,1,1000,6
amster,N/A,800,1.35,1080,1,1000,6
sl3nd,VAXEE XE Wireless Blue,800,0.9,720.00,1,1000,6
Vegi,N/A,800,1.1,880,1,1000,6
decenty,ZOWIE EC2-DW Black,400,1.6,640.00,1,1000,6
Airax,Razer Deathadder V3 Pro White,800,1.175,940,1.35,1000,6
swicher,N/A,400,2.4,960.00,1,1000,6
BluePho3nix,N/A,400,1.8,720,1,4000,6
HuNt3rz,Logitech G Pro X Superlight 2 Black,800,1.25,1000.00,1,4000,6
Porya,Logitech G Pro X Superlight Black,Unknown,Unknown,Unknown,Unknown,Unknown,Unknown
L1haNg,N/A,800,1.3,1040.00,1,1000,6
d4rty,Logitech G Pro X Superlight Black,800,0.8,640.00,1,1000,6
tomaszin,Logitech G Pro X Superlight 2 Magenta,800,1.2,960.00,1.1,1000,6
7nation,Lamzu Atlantis,400,2,800.00,1,1000,6
nellozz,Razer Viper V3 Pro Black,400,1.51,604.00,1.05,2000,6
leen,Logitech G Pro X Superlight 2 Black,800,1.23,984.00,1,4000,6
Wraxx,Logitech G Pro Wireless,N/A,N/A,N/A,N/A,N/A,N/A
zecco,Razer DeathAdder V4 Pro Green,1600,0.6,960.00,1,1000,6
tOPZ,Logitech G Pro X Superlight 2 Black,800,1.28,1024,1,1000,6
b1t,Logitech G Pro X Superlight 2 Black,400,1.65,660.00,1,2000,6
iM,Logitech G Pro X Superlight 2 White,400,2.3,920,0.98,2000,6
flameZ,ZOWIE EC2-DW Grey (Unreleased),400,3,1200.00,1.10,1000,6
Magisk,Logitech G Pro X Superlight 2 Magenta,800,1,800.00,1.18,1000,6
imoRR,Logitech G Pro X Superlight 2 Black,400,2.1,840.00,1.00,1000,6
KRIMZ,Razer Viper V3 Pro Faker Edition,400,1.45,580.00,1.00,2000,6
meyern,Razer Viper V3 Pro Black,400,2.25,900.00,1.00,1000,6
dennis,Razer Deathadder V3 Pro Black,400,2.00,800,0.80,1000,6
emi,ZOWIE EC2-B Divina Blue,400,1.77,708,0.94,1000,6
HexT,Logitech G Pro X Superlight 2c Black,800,1,800.00,1.1,1000,6
rAge,Xtrfy M4 Black,400,3.80,1520,1.00,1000,6
Dimaoneshot,Logitech G Pro X Superlight White,800,1.1,880,1,1000,6
NEO,VAXEE OUTSET AX Glossy,800,1.05,840,1,1000,6
FlipiN,Razer Viper V3 Pro Black,800,1.30,1040,1.00,1000,6
danoco,Razer DeathAdder V4 Pro Black,400,2.10,840,1.20,1000,6
k0nfig,ZOWIE EC2-CW,400,2.2,880,1,4000,6
Maikelele,Logitech G Pro X Superlight Black,400,2.2,880,1,1000,6
stavn,ZOWIE EC2-CW,400,2.5,1000.00,1,1000,6
tried,WLMouse BEAST X Black,800,1.4,1120.00,1,1000,6
Staehr,Logitech G Pro X Superlight 2 Black,800,1,800.00,1,1000,6
Mol011,Logitech G Pro X Superlight Black,800,1,800,1,4000,6
Relyks,Logitech G Pro X Superlight Black,N/A,N/A,N/A,N/A,N/A,N/A
dephh,Logitech G Pro X Superlight Black,450,2.00,900,1.00,1000,6
hazed,Logitech G Pro X Superlight Black,N/A,N/A,N/A,N/A,N/A,N/A
dennyslaw,Logitech G Pro X Superlight White,400,1.4,560,1,1000,6
PlesseN,Razer Viper V3 Pro Faker Edition,800,1.4,1120,1.00,1000,6
Aerial,ZOWIE EC2-A,400,1.9,760.00,1.00,1000,6
kNgV-,Logitech G Pro X Superlight White,400,2.7,1080.00,0.95,1000,6
drop,Logitech G Pro X Superlight 2 Black,400,2.3,920.00,1.00,2000,6
afro,Logitech G Pro X Superlight 2 Black,800,1.15,920.00,1.00,1000,6
JUST,ZOWIE EC2-CW,400,1.90,760,1.00,1000,6
TRAVIS,Razer Viper V3 Pro White,800,1.1,880.00,1,1000,6
OWNER,Logitech G Pro X Superlight Black,800,1.25,1000,1,1000,6
tomiko,Razer DeathAdder V4 Pro White,800,1,800,0.9,1000,6
olimp,VAXEE E1 Wireless Black,400,0.69,276.00,1,1000,6
Robiin,Razer Viper V3 Pro White,400,2.1,840,1,1000,6
uli,ZOWIE EC2-CW,400,1.65,660.00,0.8,1000,6
Infinite,Logitech G Pro X Superlight 2 Black,400,2.2,880.00,1,1000,6
kye,Razer DeathAdder V4 Pro Black,800,0.885,708,1,1000,6
Miku,Logitech G Pro Wireless,800,0.8,640.00,1,1000,5
Aaron,Razer Viper V3 Pro White,400,1.7,680.00,1,1000,6
zweih,Lamzu Maya Cloud Grey,800,1.28,1024.00,1,1000,6
Fruitcupx,Logitech G Pro X Superlight 2 Black,400,2.2,880.00,1,1000,6
shushan,Logitech G Pro X Superlight 2 Black,400,2.5,1000,1,1000,6
Runnin,N/A,Unknown,Unknown,Unknown,Unknown,Unknown,Unknown
aumaN,Logitech G Pro X Superlight 2 Magenta,Unknown,Unknown,Unknown,Unknown,Unknown,Unknown
Zesta,N/A,800,1.25,1000.00,1,1000,6
stesso,Logitech G Pro X Superlight 2 Black,400,1.3,520.00,1,2000,6
TIMhehe,Logitech G Pro X Superlight 2 Black,800,1,800.00,1,1000,6
Goosebreeder,Logitech G Pro X Superlight 2 Black,1600,0.6,960,1,1000,Unknown
broky,WLMouse x DRG Beast X Max Green,400,2.57,1028.00,1,8000,6
Perfecto,Waizowl OGM Cloud 8K,800,1.3,1040.00,1,1000,6
mezii,VAXEE XE V2 Fluorescent Green,400,2.2,880.00,1.00,2000,6
Nertz,ZOWIE EC2-DW Grey (Unreleased),400,2,800.00,1,1000,6
Rip,Logitech G Pro X Superlight Black,800,0.6,480,1,1000,6
steel,Razer Viper V3 Pro Black,800,1.30,1040,1,1000,6
mou,Logitech G Pro X Superlight Black,400,2.70,1080,0.913,1000,6
keiz,Razer DeathAdder V4 Pro Black,400,1.8,920,1,1000,6
nqz,ZOWIE U2-DW Grey (Unreleased),800,1.20,960,1.00,2000,6
hypex,DAREU AE6 Pro Black,400,2,800.00,1,1000,6
RUBINO,VAXEE ZYGEN NP-01,N/A,N/A,N/A,N/A,N/A,N/A
suNny,Logitech G Pro X Superlight White,800,0.825,660,0.80,1000,6
jemi,Razer DeathAdder V2,400,1.4,560,1,1000,6
Kristou,ZOWIE EC2-B,400,2.00,800,1.00,1000,6
Rickeh,Logitech MX518 HERO,800,1.00,800,1.00,1000,4
HEN1,Pulsar Xlite V4,400,2.7,1080.00,1.1,4000,6
eraa,Razer Viper V3 Pro Faker Edition,400,1.8,720,1,1000,6
interz,VAXEE XE V2 Black,800,1.4,1120.00,1,4000,6
oSee,Razer Viper V3 Pro Faker Edition,1600,0.575,920.00,1,2000,6
MahaR,Razer Viper V3 Pro Black,400,1.7,680,1,1000,6
birdfromsky,ZOWIE EC2-CW,800,0.88,704,1,1000,6
syncD,Pulsar Xlite v4 Mini Quiccs Edition,800,1.25,1000.00,1,1000,6
Subroza,Logitech G Pro X Superlight 2 Black,N/A,N/A,N/A,N/A,N/A,N/A
latto,ZOWIE EC2-DW Glossy,400,2,800,1.00,2000,6
dav1g,Logitech G Pro X Superlight 2 Magenta,400,1.8,720.00,1.00,2000,6
Kyojin,Logitech G Pro X Superlight Black,800,1.25,1000,1.00,4000,6
lauNX,Logitech G Pro X Superlight Black,800,1.5,1200,1,1000,8
sk0R,Logitech G Pro X Superlight White,800,1.3,1040,1,500,6
Qikert,Logitech G Pro X Superlight 2 Black,400,2.1,840.00,1.00,1000,6
niko,Razer DeathAdder V4 Pro White,800,0.7,560.00,1,1000,6
ANa,ZOWIE FK2-DW Black,400,1.9,760.00,1,1000,6
b0denmaster,Razer Viper V3 Pro Black,400,1.5,600,1,1000,6
CSO,Razer Viper V3 Pro White,400,1.77,708,1,1000,6
prosus,Logitech G Pro X Superlight 2 Black,400,2.15,860.00,1,1000,6
expro,N/A,Unknown,Unknown,Unknown,Unknown,Unknown,Unknown
naitte,Razer Viper V3 Pro Green,800,1.7,1360,1,4000,6
v!NCHENSO7,N/A,N/A,N/A,N/A,N/A,N/A,N/A
hyper,ZOWIE EC2-DW Black,1600,1.22,1952.00,1,2000,6
yxngstxr,ZOWIE FK2-DW Black,800,1.16,928.00,1.04,8000,6
CoJoMo,Razer DeathAdder V4 Pro White,400,2,800.00,1,1000,6
choiv7,Razer Viper V3 Pro Green,400,2.4,960,1,1000,6
hazr,Razer DeathAdder V4 Pro White,400,1.5,600.00,1,1000,6
juho,Logitech G Pro X Superlight 2 Black,400,1.4,560.00,1.2,4000,6
Krabeni,Logitech G Pro X Superlight 2 Black,800,0.759,607.20,1,1000,6
Blogg1s,N/A,Unknown,Unknown,Unknown,Unknown,Unknown,Unknown
Alv,N/A,Unknown,Unknown,Unknown,Unknown,Unknown,Unknown
mlhzin,Logitech G Pro X Superlight 2 Black,800,1.23,984.00,1,2000,6
moonwalk,Logitech G Pro X Superlight 2 Magenta,400,1.66,664,1,1000,6
vilga,Razer Viper V3 Pro Black,800,1.35,1080.00,1,1000,6
XANTARES,ZOWIE FK1-C,400,2.3,920,1.1,1000,6
Jame,Logitech G Pro X Superlight 2 Black,3200,0.3,960.00,1,2000,6
HObbit,Logitech G Pro X Superlight 2 White,800,1.25,1000.00,0.86,2000,6
jks,Razer DeathAdder V4 Pro White,400,1.85,740.00,1.00,4000,6
gxx,Razer Deathadder V3 Pro Black,400,2,800,1.2,4000,6
TeSeS,Logitech G Pro X2 SUPERSTRIKE (Unreleased),1600,0.5,800.00,1,1000,6
JDC,ZOWIE FK2-DW Black,800,1.25,1000.00,1.00,4000,6
kressy,ZOWIE S1,800,1.10,880,1.00,1000,6
kyxsan,Logitech G Pro X2 SUPERSTRIKE (Unreleased),800,1.5,1200.00,1.00,8000,6
fitch,Logitech G Pro X Superlight Black,400,1.50,600,1.00,1000,6
1mpala,Xtrfy M8 Frosty Purple,1600,1.57,2512.00,1.00,1000,6
crush,ZOWIE EC2-B,400,1.57,628,1.00,1000,6
fostar,Logitech G Pro X Superlight Black,800,1.1,880.00,1,1000,6
ariucle,N/A,Unknown,Unknown,Unknown,Unknown,Unknown,Unknown
TOAO,Razer Viper V3 Pro Black,800,1.10,880,1.03,4000,6
stressarN,Razer DeathAdder V4 Pro Black,400,2.2,880,1,4000,6
Peppzor,Razer Viper V3 Pro Black,400,2.2,880.00,1,4000,6
floppy,Lamzu Maya Black,1600,0.6,960,1.00,8000,6
LUCAS1,Logitech G Pro X Superlight 2 Magenta,400,2.20,880,1.00,2000,6
Sobol,Logitech G Pro X Superlight White,400,1.7,680,1,1000,6
NOPEEJ,Razer DeathAdder V4 Pro Black,400,2,800.00,1,1000,6
nitr0,Razer Viper V3 Pro Dragon Lore Edition,800,1.05,840.00,1.04,500,6
dgt,Pulsar Xlite V4 Es,800,0.557,445.60,1,2000,6
lowel,Razer Viper V3 Pro Black,N/A,N/A,N/A,N/A,N/A,N/A
Rainwaker,Logitech G Pro X Superlight Red,400,2.20,880,1.00,1000,6
kreaz,Razer Viper V3 Pro White,400,1.4,560.00,1,1000,6
ottoNd,Razer Viper V3 Pro White,400,1.77,708,1.00,1000,6
NBK-,ZOWIE S2 Divina Blue,400,1.8,720,1.00,1000,6
kabal,Logitech G Pro X Superlight Red,800,1,800.00,0.95,1000,6
MUTiRiS,VAXEE E1 Wireless White,400,2.91,1164.00,1.00,4000,5
stadodo,Razer Viper V3 Pro Black,400,2.40,960,1.00,1000,5
r3salt,Logitech G Pro X Superlight 2 Magenta,400,1.25,500.00,1.2,2000,6
aristo,Logitech G Pro X Superlight Black,800,1.25,1000,1,1000,6
Q-Q,N/A,800,0.9,720.00,0.800032,1000,6
reck,ZOWIE FK2-DW Black,400,3.5,1400.00,1,1000,6
sirah,VAXEE ZYGEN NP-01S,800,1.1,880.00,1,1000,6
cej0t,Pulsar Xlite V3 Es Founder’s Edition,1600,0.475,760.00,1,4000,6
AZUWU,Logitech G Pro X Superlight 2 Magenta,800,1.25,1000.00,1,1000,6
aNdu,Razer Deathadder V3 Pro Black,400,2.2,880.00,1,1000,6
FoG,Razer Deathadder V3 Pro Black,400,1.2,480.00,1,1000,6
Bibu,ZOWIE EC2-CW,400,2.45,980.00,1,1000,6
alkarenn,Logitech G Pro X Superlight 2 Magenta,600,1.2,720.00,1,1000,6
freshie,Logitech G Pro X Superlight Black,800,0.7,560.00,1,1000,6
naz,Logitech G Pro X Superlight 2 White,400,2,800.00,1,1000,6
mediocrity,Razer Deathadder V3 Pro Black,800,0.75,600.00,1,1000,6
upE,Razer Deathadder V3 Pro Black,400,1.4,560,1,1000,6
Leakz,Logitech G Pro X Superlight Black,400,2.2,880,6,1000,6
bekker,Razer DeathAdder V4 Pro Green,800,1,800,0.9,2000,6
sowalio,Logitech G Pro X Superlight 2 Black,400,1.5,600.00,1,4000,6
nopzy,Razer Viper V3 Pro Black,800,1.35,1080.00,1.31,2000,6
device,ZOWIE EC2-DW Glossy,800,1.15,920.00,1.00,1000,6
coldzera,ZOWIE ZA13-DW Black,800,1.10,880,1,2000,6
apEX,VAXEE E1 Wireless Fluorescent Green,400,1.91,764.00,1,1000,6
nilo,Logitech G Pro X Superlight 2 Magenta,800,0.9,720,1,1000,6
gla1ve,ZOWIE EC1-CW,400,1.8,720,0.9,1000,6
tudsoN,Logitech G Pro 2 LIGHTSPEED Black,1600,0.5,800.00,0.90,4000,6
XigN,SteelSeries Rival 110,400,2.2,880,1,1000,6
Xizt,ZOWIE EC2-A,400,3.00,1200,1.00,1000,6
rallen,Logitech G Pro X Superlight 2 Dex Black,1600,1.2,1920.00,1.00,1000,6
Annihilation,Logitech G Pro X Superlight White,400,1.48,592,1,1000,6
somebody,Logitech G Pro X Superlight 2 Magenta,400,2.25,900.00,1.00,2000,6
kst,ZOWIE EC1-A,400,2.5,1000,1,1000,6
Cooper,Razer Viper V3 Pro White,800,1.2,960,1.00,4000,6
realzin,Logitech G Pro X Superlight Black,400,2.25,900,1.00,500,6
m3wsu,WLMouse YING,400,1.4,560.00,1,1000,6
kroK,Logitech G Pro X Superlight 2 Black,800,0.85,680.00,1,1000,6
dupreeh,Razer Viper V3 Pro White,400,1.77,708.00,1,2000,6
zorte,Pulsar Xlite V3 Size 2 White,800,1.25,1000.00,1.00,4000,6
dav1deuS,N/A,N/A,N/A,N/A,N/A,N/A,N/A
Spiidi,Logitech G Pro X Superlight Black,800,0.8,640,1,1000,6
shalfey,Logitech G Pro X Superlight 2 White,400,2.01,804,1,1000,6
Melavi,Razer DeathAdder V4 Pro White,400,2.3,1120,1,4000,6
ShahZaM,TEEVOLUTION Terra,N/A,N/A,N/A,N/A,N/A,N/A
NickelBack,Logitech G Pro X Superlight Red,800,1.1,880.00,0.98,1000,6
alex,Razer Viper V3 Pro White,400,1.5,600,1.00,1000,6
pesadelo,ZOWIE EC2-CW,400,3.09,1236,1.00,1000,6
Jonji,Razer DeathAdder V4 Pro Black,400,2.00,800,1.00,1000,6
MSL,Pulsar Xlite V2 Wireless,400,1.60,640,1.00,1000,6
faveN,Logitech G Pro X Superlight White,400,2.10,840,1.00,1000,7
dexter,VAXEE OUTSET AX Wireless Blue,1600,0.65,1040,6,4000,6
Kursy,Logitech G Pro X Superlight 2 Magenta,400,2,800,1.1,1000,6
PerX,Razer Viper V3 Pro Black,800,0.85,680,1.07,1000,6
doc,Razer Deathadder V3 Pro Black,800,1.1,880,1,1000,6
Swisher,VAXEE XE V2 Lake Green,400,2.2,880.00,1.1,1000,6
Svedjehed,ZOWIE EC2-CW,800,1,800,1,1000,6
d1Ledez,VAXEE XE Wireless Yellow,400,1.7,680,1,1000,6
SHiNE,ZOWIE S1,800,0.79,632.00,1,1000,6
Kisserek,VAXEE E1 Wireless Red,400,1.42,568,1,1000,6
makazze,Logitech G Pro X Superlight White,800,1.28,1024.00,1,1000,6
ChildKing,Lamzu Maya Black,800,1,800.00,1,1000,6
DiMKE,Razer Viper V3 Pro White,400,1.8,720,1.2,1000,6
meztal,ZOWIE EC2-CW,400,1.08,432.00,1,1000,6
s-chilla,Logitech G Pro X Superlight 2 Black,800,1.2,960.00,1,1000,6
yAmi,Logitech G Pro X Superlight Black,400,2.1,840,1.05,1000,6
atarax1a,VAXEE ZYGEN NP-01S Wireless White,400,2,800.00,1,1000,6
The eLiVe,Logitech G Pro X Superlight White,800,1.1,880,1,1000,6
bl1x1,Logitech G Pro X Superlight 2 Black,800,1.7,1360.00,1.2,2000,6
GA1De,Razer Viper V3 Pro Green,800,1,800,1,4000,6
Jorko,Logitech G Pro X Superlight 2 Black,1600,0.5,800.00,1,4000,6
Twistzz,Endgame Gear XM2w 4k v2 White,400,1.7,680.00,1,4000,6
Aunkere,Logitech G Pro X Superlight 2 Dex Black,500,2.4,1200.00,1.10,1000,6
Boombl4,Razer DeathAdder V4 Pro Black,400,1.45,580,1,1000,6
xertioN,ZOWIE EC1-C,400,2.20,880,1.00,1000,6
siuhy,ZOWIE EC2-DW Glossy,400,2,800.00,1,4000,6
fANDER,ZOWIE EC2-DW Black,400,2,800.00,1,1000,6
v1c7oR,Logitech G Pro X Superlight Black,800,0.64,512,1.00,1000,6
bondik,ZOWIE EC2-CW,1800,2.50,1125,1.00,1000,3
phr,Razer Deathadder V3 Pro Black,800,0.8,640.00,1.00,1000,6
Nodios,ZOWIE EC2-CW,400,1.51,604,0.9,1000,6
JUGi,Razer Deathadder V3 Pro Black,700,0.80,560,1.00,1000,5
devoduvek,VAXEE XE Wireless White,400,1.6,640,1,1000,6
TaZ,Logitech G Pro X Superlight 2 White,400,1.4,560.00,0.90,1000,6
mizu,Logitech G Pro X Superlight 2 Black,400,2,800.00,1.1,1000,6
daps,Razer Viper V3 Pro Faker Edition,400,1.70,680,1.00,1000,6
blameF,Error,,,,,,
regali,Logitech G Pro X Superlight 2 SE Red,400,3.09,1236.00,1,4000,6
SENER1,Logitech G Pro X Superlight 2 White,400,3,1200.00,1,2000,5
Marek,ZOWIE ZA13-DW Black,Unknown,Unknown,Unknown,Unknown,Unknown,Unknown
leman,ZOWIE S2 Divina Pink,400,3,1200,1,1000,6
Recrent,Lamzu Maya X White,N/A,N/A,N/A,N/A,N/A,N/A
Drone,Logitech G Pro X Superlight Black,N/A,N/A,N/A,N/A,N/A,N/A
JACKZ,ZOWIE EC2-DW Black,400,1.661,664.40,1,1000,6
tiziaN,Endgame Gear XM2we White,400,1.7,680,1.05,1000,6
Forester,Logitech G Pro X Superlight Black,800,0.6,480.00,1.00,1000,6
bodyy,ZOWIE S2-DW Glossy,400,3,1200,0.88,2000,6
Kjaerbye,SteelSeries Aerox 3 Wireless Black,400,1.60,640,0.802,1000,6
try,ZOWIE EC2-DW Glossy,400,2.909,1163.6,1.20,2000,6
INS,Logitech G Pro X2 SUPERSTRIKE (Unreleased),800,1.1,880.00,1.00,1000,6
Ex3rcice,Logitech G Pro X Superlight 2 Black,400,2.00,800,1.00,2000,6
hardzao,Razer Deathadder V3 Pro Black,400,2.00,800,1.00,2000,6
mynio,VAXEE E1 Wireless Black,800,1,800,1,1000,6
cptkurtka023,Logitech G Pro X Superlight White,400,2,800.00,1,1000,5
Nexius,Logitech G Pro X Superlight Red,400,2.4,960,0.9,4000,6
sNx,Razer Viper V3 Pro Black,400,1.78,712,1,1000,6
Avid,Razer Viper V3 Pro Faker Edition,800,1.1,880,0.8189330271,1000,6
tN1R,Logitech G Pro X Superlight 2 Magenta,800,0.5,400.00,1,1000,6
SLIGHT,Logitech G Pro X Superlight Black,800,2,1600.00,1,1000,6
alpha,Logitech G Pro X Superlight Red,400,1.69,676,1,1000,6
Alone,Razer DeathAdder V4 Pro Black,N/A,N/A,N/A,N/A,N/A,N/A
ArroW,ZOWIE EC1-CW,800,0.6,480.00,0.6,1000,6
khaN,Razer Viper V3 Pro Faker Edition,400,1.9,760.00,1,1000,6
Ag1l,Razer Viper V3 Pro White,400,1.4,560,1,1000,6
simke,Logitech G Pro X Superlight 2 Black,400,1.9,760.00,1.05,1000,6
urban0,VAXEE XE V2 Pink,500,1.55,775.00,1,1000,6
Shr,Logitech G Pro X Superlight 2 Black,400,2,800,1,1000,6
AccuracyTG,Logitech G Pro X Superlight 2 White,800,2,1600.00,1.05,1000,6
manguss,N/A,Unknown,Unknown,Unknown,Unknown,Unknown,Unknown
jresy,Logitech G Pro X Superlight 2 Black,400,2.4,960.00,1,1000,6
SinK,Razer Viper V3 Pro Black,400,2.35,940,1,1000,10
jL,Logitech G Pro X Superlight 2 Magenta,800,1,800,1,4000,6
Ax1Le,Logitech G Pro X Superlight 2 Black,800,1.50,1200,1,1000,6
juanflatroo,Razer DeathAdder V4 Pro Green,400,2.3,920,1,4000,6
Calyx,ZOWIE FK2-DW Black,800,2,1600.00,1.00,1000,6
fame,Logitech G Pro X Superlight 2 Magenta,800,1.10,880,1.00,2000,6
Byali,Logitech G Pro X Superlight 2 Dex Black,800,0.9,720.00,1.0,4000,6
h4rn,VAXEE ZYGEN NP-01,400,2.1,840.00,1.00,1000,6
sycrone,Razer Deathadder V3 Pro Black,400,1.80,720,1.00,1000,6
morelz,Razer Viper V3 Pro Black,400,2.26,904,1.00,1000,6
xand,Razer Viper V3 Pro White,N/A,N/A,N/A,N/A,N/A,N/A
Moose,Lamzu Maya X White,N/A,N/A,N/A,N/A,N/A,N/A
blocker,ZOWIE EC2-C,400,1.75,700,1.00,1000,6
krazy,Logitech G Pro X Superlight 2 Black,400,2.05,820.00,1,1000,6
baz,Ninjutso Sora V2 Black,800,1.18,944.00,1.23,1000,6
sergej,Finalmouse Ultralight 2,400,2.20,880,1.00,1000,6
VINI,Endgame Gear OP1 8k Black,800,0.955,764.00,1.2,1000,6
RuStY,ZOWIE S2 Divina Pink,400,1.7,680,1,1000,6
Zyphon,ZOWIE EC2-CW,400,2,800.00,1,1000,6
molodoy,ZOWIE U2-DW Black,400,3,1200.00,1,1000,6
Grashog,Razer Viper Ultimate,800,1.1525,922.00,1,1000,6
X5G7V,Logitech G Pro X Superlight White,800,1.05,840,1.00,1000,6
Cutler,Logitech G Pro X Superlight Black,N/A,N/A,N/A,N/A,N/A,N/A
AZK,Logitech G Pro Wireless,N/A,N/A,N/A,N/A,N/A,N/A
PKL,Razer Viper V3 Pro Black,400,2.20,880,1.00,4000,6
timo,Logitech G Pro X Superlight 2 Black,800,0.52,416,1.1,1000,6
JW,Logitech G Pro X Superlight Black,400,2,800.00,1,1000,6
AcilioN,Razer Viper V3 Pro White,800,1,800.00,1.00,1000,6
malbsMd,Logitech G Pro X Superlight 2 Black,400,2.00,800,1.00,2000,6
aliStair,Razer Viper V3 Pro White,400,1.90,760,1.00,2000,6
Djoko,Logitech G Pro X Superlight Black,800,1.00,800,0.70,1000,6
ErycTriceps,Lamzu Maya Black,400,1.88,752,1,1000,6
Razzmo,Razer Viper V3 Pro White,800,0.52,416,1,1000,6
volt,Error,,,,,,
asran,Razer Viper V3 Pro Black,400,1.8,720,1,1000,6
MoDo,Logitech G Pro X Superlight 2 Magenta,800,1,800.00,1,1000,6
oxygeN,Logitech G Pro X Superlight Black,400,1.55,620,1,1000,6
ICY,Logitech G Pro X Superlight 2 Black,400,2,800.00,1,1000,6
JBa,Logitech G Pro X Superlight 2 White,400,1.7,680.00,1,1000,6
IceBerg,Razer Viper V3 Pro Black,800,0.85,680.00,0.81,1000,6
snav,Razer DeathAdder V4 Pro Black,800,1.5,1200.00,1,1000,6
xenn,Logitech G Pro X Superlight Black,400,1.8,520,1,1000,6
riskyb0b,Razer DeathAdder V4 Pro Black,800,1.05,840.00,1,1000,6
xKacpersky,Logitech G Pro X Superlight 2 Black,400,1.83,732,1,1000,6
brutmonster,Razer Deathadder V3 Pro Black,400,2.5,1000.00,1,4000,6
nyezin,Logitech G Pro X Superlight 2 Magenta,800,1,800.00,1.2,1000,6
gr1ks,Logitech G Pro X Superlight 2 Black,1000,0.8,800.00,0.9,8000,6
MiQ,N/A,Unknown,Unknown,Unknown,Unknown,Unknown,Unknown
fr3nd,Logitech G Pro X Superlight 2 Black,400,2.5,1000.00,1,1000,6
fino,ZOWIE EC2-CW,400,2,800,1,1000,6
Viggo,Logitech G Pro X Superlight 2 White,800,1.2,960.00,1,4000,6
Frozen,Razer DeathAdder V4 Pro Black,400,2,800,0.8,4000,6
deko,Endgame Gear OP1 8k Purple,400,2.7,1080.00,1.1,1000,6
f0rest,Xtrfy MZ1 Wireless,400,3.50,1400,1.00,1000,6
Techno4K,Logitech G Pro X Superlight 2 Magenta,400,2.2,880.00,0.95,1000,6
shox,ZOWIE S2-DW Black,400,2,800.00,1,1000,5
neaLaN,Razer Deathadder V3 Pro Black,800,1.1,880.00,0.90,1000,6
aizy,Razer Viper V3 Pro Black,400,2.20,880,1.00,4000,6
HS,Razer Viper V3 Pro Black,400,2.40,960,0.90,1000,6
kolor,ZOWIE S1,800,1.10,880,1.00,1000,6
buda,Logitech G Pro X Superlight Magenta,400,2,800.00,1,1000,6
joel,Logitech G Pro X Superlight 2 Magenta,400,2.1,840,1,2000,6
Soulfly,ZOWIE EC2-CW,800,1.3,1040,1,1000,6
supra,Logitech G Pro X Superlight 2 Black,400,2.20,880,1.00,2000,6
Golden,VAXEE OUTSET AX Wireless Yellow,400,1.60,640,1.00,4000,6
k1to,Logitech G Pro X Superlight Magenta,400,1.7,680.00,1.10,1000,6
farlig,Razer Deathadder V3 Pro Black,400,2,800.00,1,4000,6
forsyy,Razer Viper V3 Pro Black,400,2.5,1000,0.8,1000,6
sjuush,ZOWIE EC2-DW Black,800,1.11,888.00,1.00,1000,6
brzer,ZOWIE EC2-CW,400,3.09,1236,1,1000,6
xeta,Logitech G Pro X Superlight Red,N/A,N/A,N/A,N/A,N/A,N/A
JOTA,ZOWIE EC3-CW,800,2.5,2000,1,1000,6
Masi,Logitech G Pro X Superlight 2 Magenta,800,1.15,920,0.95,4000,6
Hiko,WLMouse BEAST X Mini Black,N/A,N/A,N/A,N/A,N/A,N/A
kioShiMa,Logitech G Pro Wireless,400,2.20,880,1.00,1000,6
boX,SteelSeries Sensei Ten,800,1.58,1264,1.00,1000,6
xns,ZOWIE EC2-A White,400,2.30,920,1.00,1000,6
flamie,VAXEE XE-S Wireless Black,800,0.74,592.00,0.97,2000,6
NEKIZ,Logitech G Pro X Superlight White,400,2.6,1040,1.3,1000,6
Xeppaa,ZOWIE EC2-C,N/A,N/A,N/A,N/A,N/A,N/A
SHiPZ,VAXEE E1 Wireless Black,400,2.40,960,1.00,1000,6
KaiR0N-,ZOWIE S2-DW Black,800,0.9,720.00,1,1000,6
story,Logitech G Pro X Superlight 2 White,400,2.75,1100,1,2000,6
land1n,ZOWIE EC2-CW,400,2.2,880,1,1000,6
Enzo,N/A,N/A,N/A,N/A,N/A,N/A,N/A
delle,Razer Viper V2 Pro White,800,0.69,552,0.651951,1000,6
jcobbb,Finalmouse Ultralight X Prophecy ScreaM Classic,800,1.12,896.00,1,1000,6
bobeksde,Razer Viper V3 Pro Black,800,1,800.00,1,1000,6
Magnojez,Logitech G Pro X Superlight 2 Black,800,1.1,880.00,1,2000,6
FL4MUS,Logitech G Pro X Superlight 2 White,800,1.35,1080.00,1,1000,6
DARE,Razer Viper V3 Pro White,800,1.35,1080.00,1,2000,6
POLO,Razer DeathAdder V4 Pro Green,800,1.11,888.00,1,4000,6
majky,N/A,800,0.85,680.00,1,1000,6
zeRRoFIX,ZOWIE EC2-CW,400,1.7,680.00,1,1000,6
nbqq,N/A,Unknown,Unknown,Unknown,Unknown,Unknown,Unknown
yepz,Pulsar Xlite V3 Es Black,800,0.9,720.00,1,1000,6
Pepo,Razer Viper V3 Pro White,400,1.75,700.00,1,2000,6
lov1kus,Logitech G Pro X Superlight White,400,1.9,760.00,1,1000,6
thamlike,Razer DeathAdder V4 Pro Green,800,1.23,984,1,4000,6
kadziu,Razer DeathAdder V4 Pro Green,400,2,800.00,1,4000,6
s1mple,Logitech G Pro X Superlight 2 White,400,3.09,1236,1,1000,6
karrigan,Razer DeathAdder V3 HyperSpeed,400,1.8,720.00,1,1000,4
Snax,ZOWIE FK2-DW Black,400,2.2,880.00,0.93,4000,6
tarik,Finalmouse Ultralight X Large,N/A,N/A,N/A,N/A,N/A,N/A
DANK1NG,Razer Viper V3 Pro Green,800,1,800.00,1,4000,6
flusha,Xtrfy M4 Black,400,1.8,720.00,0.875,1000,6
tenzki,Razer Viper V3 Pro Black,400,1.80,720,1.00,1000,6
MODDII,ZOWIE EC1-A,400,2.20,880,1.00,500,6
Gaules,VAXEE XE Wireless Blue,400,2.20,880,0.71,1000,6
Pimp,SteelSeries Aerox 3 Wireless Ghost,1600,0.7,1120,1.00,1000,6
motm,VAXEE XE Yellow,400,2.00,800,1.00,1000,6
fear,Logitech G Pro X Superlight 2 White,400,1.35,540.00,1,1000,6
ZOREE,Zowie S1 Divina Pink,400,2.00,800,1.00,1000,6
xccurate,Pulsar Susanto-X,N/A,N/A,N/A,N/A,N/A,N/A
zehN,Razer Viper V3 Pro Black,400,1.50,600,1.00,1000,5
ScrunK,Corsair Sabre v2 Pro,800,0.85,680.00,1,1000,6
REZ,Logitech G Pro X Superlight 2 White,800,0.95,760,0.8,2000,6
FaNg,Razer DeathAdder V4 Pro White,800,1.06,848.00,1.00,4000,6
zewts,Razer Viper V3 Pro Black,1600,0.5,800.00,1,1000,6
F1KU,ZOWIE EC1-CW,400,1.7,680,1,1000,6
suns1de,WLMouse BEAST X Purple,800,1,800.00,1,8000,6
brnz4n,Logitech G Pro X Superlight 2 White,400,1.69,676.00,1,2000,6
grecu,Razer DeathAdder V4 Pro Black,400,2.2,880.00,1.1,1000,6
brax,Razer DeathAdder V3 HyperSpeed,400,1.25,600,1,1000,6
MiGHTYMAX,Razer Deathadder V3 Pro Black,400,1.60,640,1.00,1000,6
dumau,Razer DeathAdder V4 Pro Black,800,1,800.00,1.00,1000,6
STYKO,Razer Viper V3 Pro Dragon Lore Edition,800,0.8,640.00,0.80,2000,6
n0rb3r7,Error,,,,,,
boltz,WLMouse BEAST X Black,1600,0.875,1400.00,1,1000,6
Patsi,ZOWIE U2,400,2.1,840.00,1.00,1000,6
NEOFRAG,Logitech G Pro X Superlight Red,400,1.45,580,1.10,1000,6
insani,ZOWIE U2-DW Grey (Unreleased),800,1.1,880,1,4000,6
MoriiSko,VAXEE ZYGEN NP-01S V2 Wireless Deep Blue,400,1.485,594,1,1000,6
ritchiE,FinalMouse Starlight Pro,800,0.75,600,0.8,1000,6
adamS,Logitech G Pro X Superlight White,400,2.2,880,1.2,1000,6
danistzz,Logitech G Pro X Superlight 2 Black,400,1.79,716.00,1.23,1000,6
Laski,ZOWIE EC2-CW,800,0.795,636,1,1000,6
Bambosh,Razer Viper V3 Pro Black,Unknown,Unknown,Unknown,Unknown,Unknown,Unknown
ryu,Logitech G Pro X Superlight 2 Black,400,2,800,1,2000,6
yvro,Razer Viper V3 Pro Black,1600,0.555,888,1,4000,6
pr1metapz,Razer Viper V3 Pro White,400,2.4,960,1.1,1000,6
nestee,Razer Viper V3 Pro White,800,1.034,827.20,1,4000,6
Skejs,Razer Viper V3 Pro Black,800,1.25,1000,1,4000,6
0SAMAS,Logitech G Pro X Superlight 2 Black,3200,1.5,4800.00,0.95,2000,6
Thour,Razer DeathAdder V4 Pro White,400,1.7,680.00,1,1000,6
K1-FiDa,Razer DeathAdder V3 HyperSpeed,Unknown,Unknown,Unknown,Unknown,Unknown,Unknown
bnox,Razer Viper V3 Pro Green,400,1.8,720.00,1,1000,6
Veccil,N/A,400,2.4,960.00,1,4000,6
poppins,Razer Viper V3 Pro Black,800,1.1,880.00,1,1000,6
Nayomy,Razer Viper V3 Pro Black,800,0.62,496.00,1.1,1000,6
ScreaM,Finalmouse Ultralight X Prophecy ScreaM Classic,400,2.3,920.00,1.00,4000,6
zont1x,Logitech G Pro X Superlight Magenta,800,1.05,840,1,1000,6
cadiaN,Logitech G Pro X Superlight 2 Magenta,400,2.3,920.00,1.00,4000,6
Kylar,Logitech G Pro X Superlight 2 Black,400,1.77,708,1,2000,6
dycha,ZOWIE EC2 Tyloo,400,1.5,600.00,1.00,1000,6
Kvem,Logitech G Pro X Superlight 2 Magenta,400,3,1200,1,1000,6
allu,Logitech G Pro X Superlight Black,400,3.00,1200,1.00,1000,6
oBo,ZOWIE EC2-B Divina Blue,400,2.20,880,1.00,1000,6
seized,ZOWIE EC2-CW,400,2,800,0.9,1000,6
Raijin,Logitech G Pro X Superlight Magenta,800,1,800,1,1000,6
Vexite,ZOWIE EC2-DW Glossy,800,1.24,992.00,0.7,1000,7
matys,Razer Viper V3 Pro Faker Edition,800,0.82,656.00,1,1000,6
npl,Logitech G Pro X Superlight 2 Black,800,1.3,1040.00,0.9,1000,6
cromen,ZOWIE EC2-B Divina Blue,800,0.85,680,0.87,1000,6
yel,Logitech G Pro X Superlight Black,800,1.30,1040,1.00,1000,6
KAISER,N/A,N/A,N/A,N/A,N/A,N/A,N/A
poizon,Logitech G Pro X Superlight Black,400,1.9,760,1,1000,6
nicoodoz,Lamzu Maya White,800,1.25,1000,1.00,1000,8
FinigaN,Logitech G Pro X Superlight White,400,2.4,960,1.1,1000,6
vanity,VAXEE ZYGEN NP-01S Wireless Black,N/A,N/A,N/A,N/A,N/A,N/A
szejn,ZOWIE EC2-CW,400,3.125,1250,1,1000,6
Freeman,ZOWIE FK1,400,2.20,880,1.00,1000,6
Ethan,Lamzu Paro White,N/A,N/A,N/A,N/A,N/A,N/A
SLOWLY,ZOWIE EC3-C,N/A,N/A,N/A,N/A,N/A,N/A
phzy,ZOWIE EC2-DW Black,800,1.25,1000.00,0.818933027098955175,1000,6
snatchie,ZOWIE EC1,400,1.35,540,1.00,1000,6
Woro2k,Logitech G Pro X Superlight 2 White,400,2.33,932.00,1,2000,6
Lucky,ZOWIE U2-DW Black,800,1,800.00,1.10,1000,6
Plopski,VAXEE E1 Wireless Black,800,1,800.00,1.20,500,6
Gratisfaction,Logitech G Pro X Superlight 2 Black,800,1.1875,950,1.00,2000,4
day0s,Logitech G Pro X Superlight 2 Magenta,400,1.72,688.00,1,2000,6
awzek,Logitech G Pro X Superlight Black,400,1.59,636,1.08,1000,6
Altekz,Razer Viper V3 Pro Black,400,1.44,576.00,1.2,1000,6
ROGA,Razer Viper V3 Pro White,800,1.39,1112,1,1000,6
Jee,Logitech G Pro X Superlight 2 Black,400,2,800,1,2000,6
n1ssim,Razer Viper V3 Pro Black,400,1.77,708,1,4000,6
Ro1f,Razer Viper V3 Pro White,800,1,800.00,0.818933027098955175,1000,6
KWERTZZ,Logitech G Pro X Superlight 2 Black,400,1.9,760,1,2000,6
Graviti,Razer DeathAdder V4 Pro Green,800,1.36,1088.00,0.82,1000,6
shane,Razer Viper V3 Pro Black,400,1.7,680.00,1,1000,6
virtuoso,Razer DeathAdder V4 Pro Green,800,1,800.00,1,4000,6
ANeraX,Razer Viper V3 Pro White,800,0.92,736,1,1000,6
jocab,Lamzu Atlantis 4K,800,0.9,720,1,1000,6
aVN,Logitech G Pro X Superlight 2 White,400,2,800.00,1,1000,6
laser,ZOWIE S1,800,1.25,1000.00,1,1000,6
pancc,Error,,,,,,
Wolffe,Razer Viper V3 Pro Black,400,1.8,720.00,1,1000,6
Skodo,Logitech G Pro X Superlight 2 Black,800,1,800.00,1,4000,6
AyeZ,Razer Deathadder V3 Pro Black,800,1,800.00,1,2000,6
w0nderful,Logitech G Pro X Superlight Red,400,2.6,1040.00,1,1000,6
shroud,Logitech G Pro X Superlight 2c Black,N/A,N/A,N/A,N/A,N/A,N/A
rigoN,Razer DeathAdder V4 Pro Black,400,2,800.00,1.8,8000,6
bLitz,Logitech G Pro X Superlight White,400,1.45,580.00,1,1000,6
JamYoung,VAXEE XE V2 Lake Green,400,2.2,880,1,1000,6
adreN,N/A,N/A,N/A,N/A,N/A,N/A,N/A
speed4k,Logitech G Pro X Superlight Black,400,2.00,800,1.00,1000,6
NaToSaphiX,Razer Viper V3 Pro Black,800,1.00,800,1.00,2000,6
GruBy,Razer Deathadder V3 Pro Black,400,1.70,680,1.25,1000,6
xms,Razer Viper V3 Pro Black,N/A,N/A,N/A,N/A,N/A,N/A
Mercury,ZOWIE S2-DW Grey (Unreleased),400,2.12,848,1,1000,6
CacaNito,Logitech G Pro X Superlight 2 Black,400,1.5,600,1.04,1000,6
togs,Razer DeathAdder V4 Pro White,400,1.26,504.00,1,1000,6
Freakazoid,VAXEE XE V2 Black,800,0.825,660.00,0.8,2000,6
captainMo,Razer Viper V3 Pro Black,400,1.6,640.00,0.90,1000,6
Stewie2k,VAXEE XE V2 Lake Green,800,1.25,1000.00,1.15,4000,6
nocries,Logitech G Pro X Superlight 2 White,800,1,800.00,1.00,1000,6
roeJ,ZOWIE EC2-CW,400,1.85,740,1.2,4000,6
TiGeR,N/A,Unknown,Unknown,Unknown,Unknown,Unknown,Unknown
Nivera,Razer Deathadder V3 Pro White,800,0.6,480,1.00,1000,6
mhL,VAXEE E1 Wireless Black,400,2,800,1,1000,6
h0kz,ATK Blazing Sky F1 Pro MAX,800,1.3,1040.00,1,1000,6
mixwell,Logitech G Pro X Superlight 2 Dex Black,N/A,N/A,N/A,N/A,N/A,N/A
dex,Error,,,,,,
LNZ,ZOWIE EC2-CW,400,1.79,716.00,1,1000,6
SZPERO,VAXEE E1 Wireless Black,800,0.9,800,1.00,1000,6
Maka,HITSCAN Hyperlight White,800,1.323,1058.40,1.00,8000,6
ALEX,Razer Viper V3 Pro White,400,1.5,600,1.00,1000,6
hampus,Razer DeathAdder Elite,400,1.67,668,0.784,1000,6
bubble,Logitech G403 HERO,400,1.75,700,1.00,1000,6
Cabbi,Razer Viper V3 Pro White,800,1.25,1000.00,1,1000,6
ewjerkz,ZOWIE ZA13-DW Black,400,1.65,660.00,1,1000,6
poka,Logitech G Pro X Superlight 2 White,3200,0.2125,680.00,0.95,2000,3
darchevile,Razer DeathAdder V4 Pro White,800,0.9,720,1,1000,6
EmiliaQAQ,ZOWIE EC2-DW Grey (Unreleased),800,0.8,640.00,1,1000,6
kauez,Logitech G Pro X Superlight 2 White,400,2.5,1000,1,1000,6
adamb,VAXEE XE Wireless Blue,800,0.7,560.00,1.2849,1000,6
Flayy,Logitech G Pro X Superlight 2 Black,400,1.6,640,1.2,1000,6
snow,Logitech G Pro X Superlight Magenta,800,0.8,640.00,1,1000,6
Peeping,Pulsar X2 CrazyLight,1600,0.825,1320.00,1,2000,6
Qlocuu,Razer Viper V3 Pro Black,800,0.8,640.00,1,2000,6
BøghmagiC,N/A,N/A,N/A,N/A,N/A,N/A,N/A
saadzin,ZOWIE EC2-DW Black,1600,0.9,1440.00,1,1000,6
nEMANHA,Razer Viper V3 Pro Green,400,1.95,780.00,1,1000,6
RICIOLI,Logitech G Pro X Superlight Black,400,2,800.00,1,1000,6
Topa,Logitech G Pro X Superlight 2 Magenta,400,1.6,640.00,1,4000,6
Gnøffe,N/A,N/A,N/A,N/A,N/A,N/A,N/A
XotiC,Logitech G Pro X Superlight 2 White,400,2,800.00,1,1000,6
miwo,Razer Viper V3 Pro Black,1600,0.3,480,0.81,4000,5
kennyS,Razer DeathAdder V4 Pro Black,400,2.2,880,1,2000,6
FURIOUSSS,Razer DeathAdder V4 Pro White,400,2.5,1000.00,1.25,8000,6
olofmeister,Logitech G Pro X Superlight 2 Black,800,1.25,1000.00,1.2,2000,6
ren,Logitech G Pro X Superlight 2 Black,800,0.7,560.00,0.8,2000,6
HeavyGod,Logitech G Pro X Superlight 2 Black,400,3.1,1240,1,1000,6
honda,Pulsar Xlite V3 Size 2 Black,400,1.2,480,1.00,1000,6
REDSTAR,Razer Viper V3 Pro White,400,2.00,800,1.00,2000,6
EspiranTo,Logitech G Pro X Superlight Black,800,1.2,960.00,1,1000,6
mouz,N/A,N/A,N/A,N/A,N/A,N/A,N/A
LOGAN,Razer DeathAdder V4 Pro White,N/A,N/A,N/A,N/A,N/A,N/A
b1st,Logitech G Pro X Superlight 2 White,800,1.47,1176.00,1,1000,6
MistR,Logitech G Pro X Superlight 2 White,800,0.68,544.00,0.752412,1000,6
chrisJ,Dream Machines DM2 Comfy,800,1.19,952,1.00,1000,6
paz,Pulsar Xlite V3 Es Black,400,2.4,960,1,4000,6
facecrack,ZOWIE EC3-CW,400,1.725,690,1.00,1000,6
fer,Error,,,,,,
kl1m,Logitech G Pro X Superlight 2 Magenta,400,3.09,1236.00,1,4000,6
jabbi,ZOWIE EC2-DW Glossy,800,0.90,720,1,1000,6
XELLOW,Logitech G Pro X Superlight 2 Black,400,2,800,1,2000,6
kRaSnaL,Logitech G Pro X Superlight 2 Black,400,1.82,728.00,1,2000,6
sinnopsyy,Razer Viper V3 Pro Green,400,3.25,1300,1.2,2000,6
Kiy0o,Logitech G Pro X Superlight 2 Black,800,1.05,840.00,1.3,1000,6
Skadoodle,Logitech G Pro X Superlight Black,1600,0.42,672,1.00,1000,6
cajunb,ZOWIE EC1,400,2.20,880,1.00,1000,6
El1an,VAXEE NP-01S Yellow,3200,0.45,1440.00,1,500,6
gade,Logitech G Pro X Superlight Black,400,2.20,880,1.00,1000,6
jkaem,ZOWIE EC2-CW,400,1.60,640,1.00,1000,5
vsm,ZOWIE EC2-CW,800,1.2,960,1,1000,6
exit,VAXEE ZYGEN NP-01S Wireless Blue,800,1.1,880.00,0.85,1000,6
DeathZz,Razer Viper V3 Pro Black,400,2.25,900,1.10,1000,6
Nicks,Logitech G Pro X Superlight 2 Black,800,1,800.00,1,1000,6
KEi,ZOWIE EC2-CW,400,2,800.00,1,1000,6
CYPHER,Logitech G Pro X Superlight White,400,1.5,600,1.2,1000,6
maaryy,Razer DeathAdder V4 Pro Black,400,1,400,1,1000,6
Westmelon,ZOWIE FK2-DW Black,800,1.25,1000.00,0.8,1000,6
c0llins,Razer DeathAdder V4 Pro Green,400,2,800,1,4000,6
susp,Logitech G Pro X Superlight 2 Black,800,0.55,440.00,1,1000,6
Sdaim,Razer DeathAdder V3 HyperSpeed,800,0.8,640,1,1000,6
kwezz,Razer Viper V3 Pro White,400,3.09,1236.00,1,1000,6
dea,Razer Viper V3 Pro Black,800,0.7,560.00,1,1000,6
bevve,Razer DeathAdder V4 Pro Black,800,1.5,1200.00,1,1000,6
1eer,Logitech G Pro X Superlight Black,400,2.1,840.00,1,1000,6
dobu,ZOWIE EC2-CW,400,2.15,860,1,1000,6
Cjoffo,Logitech G Pro X Superlight Black,400,1.52,608.00,1.5,1000,6
bsd,Logitech G Pro X Superlight 2 Black,800,1,800.00,1,1000,6
kensizor,Logitech G Pro X Superlight 2 Magenta,800,0.65,520.00,1,1000,6
C4LLM3SU3,Logitech G Pro X Superlight 2c Pink,800,0.8,640.00,1,1000,6
AW,Logitech G Pro X Superlight 2 Black,400,1.5,600.00,1,1000,6
VENO,N/A,N/A,N/A,N/A,N/A,N/A,N/A
mawth,ZOWIE EC3-CW,800,1,800.00,1,1000,6
